feature	protein_position	length	tot_synmis	mtr_obs	mtr_exp	mtr	fdr
ENST00000396573	1	1465	10	0.7	0.669	1.046	1
ENST00000396573	2	1465	12	0.667	0.669	0.996	1
ENST00000396573	3	1465	12	0.667	0.685	0.973	1
ENST00000396573	4	1465	14	0.714	0.684	1.044	1
ENST00000396573	5	1465	17	0.706	0.683	1.034	1
ENST00000396573	6	1465	20	0.7	0.682	1.026	1
ENST00000396573	7	1465	22	0.682	0.681	1.001	1
ENST00000396573	8	1465	26	0.654	0.681	0.961	0.965
ENST00000396573	9	1465	29	0.69	0.69	1	1
ENST00000396573	10	1465	31	0.71	0.689	1.03	1
ENST00000396573	11	1465	34	0.706	0.688	1.026	1
ENST00000396573	12	1465	37	0.703	0.687	1.023	1
ENST00000396573	13	1465	38	0.711	0.694	1.024	1
ENST00000396573	14	1465	39	0.718	0.7	1.026	0.968
ENST00000396573	15	1465	40	0.725	0.698	1.038	0.968
ENST00000396573	16	1465	42	0.738	0.697	1.058	0.861
ENST00000396573	17	1465	44	0.727	0.696	1.044	0.932
ENST00000396573	18	1465	46	0.696	0.696	0.999	1
ENST00000396573	19	1465	47	0.681	0.69	0.987	0.977
ENST00000396573	20	1465	47	0.702	0.697	1.007	1
ENST00000396573	21	1465	46	0.696	0.701	0.992	1
ENST00000396573	22	1465	48	0.667	0.696	0.958	0.874
ENST00000396573	23	1465	48	0.667	0.687	0.97	0.944
ENST00000396573	24	1465	46	0.652	0.698	0.934	0.792
ENST00000396573	25	1465	47	0.638	0.698	0.914	0.722
ENST00000396573	26	1465	48	0.625	0.702	0.891	0.583
ENST00000396573	27	1465	47	0.617	0.709	0.87	0.505
ENST00000396573	28	1465	47	0.617	0.72	0.857	0.433
ENST00000396573	29	1465	45	0.622	0.727	0.856	0.416
ENST00000396573	30	1465	47	0.638	0.735	0.869	0.428
ENST00000396573	31	1465	48	0.646	0.735	0.879	0.494
ENST00000396573	32	1465	49	0.653	0.738	0.885	0.499
ENST00000396573	33	1465	47	0.66	0.745	0.886	0.486
ENST00000396573	34	1465	51	0.647	0.736	0.88	0.45
ENST00000396573	35	1465	49	0.633	0.742	0.853	0.369
ENST00000396573	36	1465	47	0.638	0.742	0.86	0.417
ENST00000396573	37	1465	44	0.636	0.737	0.863	0.468
ENST00000396573	38	1465	43	0.628	0.737	0.852	0.396
ENST00000396573	39	1465	41	0.634	0.734	0.864	0.455
ENST00000396573	40	1465	38	0.605	0.735	0.823	0.359
ENST00000396573	41	1465	40	0.55	0.735	0.748	0.128
ENST00000396573	42	1465	38	0.526	0.735	0.716	0.088
ENST00000396573	43	1465	36	0.528	0.742	0.712	0.096
ENST00000396573	44	1465	36	0.528	0.742	0.712	0.096
ENST00000396573	45	1465	37	0.541	0.735	0.735	0.141
ENST00000396573	46	1465	39	0.538	0.735	0.732	0.118
ENST00000396573	47	1465	40	0.5	0.735	0.68	0.049
ENST00000396573	48	1465	38	0.5	0.732	0.683	0.061
ENST00000396573	49	1465	37	0.514	0.732	0.702	0.082
ENST00000396573	50	1465	38	0.526	0.732	0.719	0.114
ENST00000396573	51	1465	38	0.526	0.732	0.719	0.114
ENST00000396573	52	1465	38	0.526	0.728	0.723	0.116
ENST00000396573	53	1465	37	0.568	0.735	0.772	0.191
ENST00000396573	54	1465	38	0.579	0.735	0.787	0.241
ENST00000396573	55	1465	41	0.585	0.724	0.808	0.274
ENST00000396573	56	1465	39	0.59	0.728	0.81	0.31
ENST00000396573	57	1465	38	0.605	0.724	0.836	0.375
ENST00000396573	58	1465	39	0.615	0.713	0.863	0.524
ENST00000396573	59	1465	41	0.634	0.717	0.885	0.542
ENST00000396573	60	1465	42	0.619	0.717	0.863	0.471
ENST00000396573	61	1465	42	0.619	0.71	0.872	0.545
ENST00000396573	62	1465	42	0.595	0.71	0.839	0.406
ENST00000396573	63	1465	41	0.585	0.717	0.817	0.331
ENST00000396573	64	1465	42	0.595	0.711	0.838	0.405
ENST00000396573	65	1465	41	0.634	0.717	0.885	0.542
ENST00000396573	66	1465	41	0.634	0.718	0.883	0.54
ENST00000396573	67	1465	41	0.61	0.718	0.849	0.461
ENST00000396573	68	1465	43	0.605	0.726	0.833	0.342
ENST00000396573	69	1465	45	0.6	0.726	0.826	0.301
ENST00000396573	70	1465	45	0.6	0.737	0.814	0.244
ENST00000396573	71	1465	47	0.574	0.728	0.789	0.177
ENST00000396573	72	1465	43	0.605	0.735	0.823	0.285
ENST00000396573	73	1465	45	0.622	0.742	0.839	0.342
ENST00000396573	74	1465	45	0.6	0.736	0.816	0.248
ENST00000396573	75	1465	46	0.609	0.74	0.822	0.294
ENST00000396573	76	1465	45	0.578	0.74	0.781	0.156
ENST00000396573	77	1465	44	0.568	0.74	0.768	0.146
ENST00000396573	78	1465	44	0.591	0.74	0.798	0.229
ENST00000396573	79	1465	47	0.617	0.744	0.83	0.298
ENST00000396573	80	1465	47	0.596	0.747	0.797	0.198
ENST00000396573	81	1465	47	0.596	0.758	0.786	0.15
ENST00000396573	82	1465	46	0.587	0.751	0.782	0.151
ENST00000396573	83	1465	49	0.551	0.751	0.734	0.058
ENST00000396573	84	1465	50	0.56	0.744	0.753	0.086
ENST00000396573	85	1465	49	0.551	0.751	0.734	0.058
ENST00000396573	86	1465	46	0.543	0.751	0.724	0.065
ENST00000396573	87	1465	48	0.542	0.758	0.714	0.037
ENST00000396573	88	1465	48	0.542	0.769	0.704	0.024
ENST00000396573	89	1465	46	0.543	0.773	0.703	0.027
ENST00000396573	90	1465	44	0.523	0.769	0.68	0.022
ENST00000396573	91	1465	43	0.535	0.768	0.696	0.032
ENST00000396573	92	1465	41	0.512	0.775	0.661	0.016
ENST00000396573	93	1465	41	0.512	0.775	0.661	0.016
ENST00000396573	94	1465	42	0.5	0.767	0.652	0.013
ENST00000396573	95	1465	41	0.488	0.767	0.636	0.01
ENST00000396573	96	1465	39	0.436	0.767	0.568	0.002
ENST00000396573	97	1465	40	0.45	0.771	0.584	0.003
ENST00000396573	98	1465	39	0.462	0.767	0.602	0.005
ENST00000396573	99	1465	37	0.459	0.771	0.596	0.006
ENST00000396573	100	1465	34	0.471	0.778	0.605	0.009
ENST00000396573	101	1465	33	0.485	0.775	0.626	0.017
ENST00000396573	102	1465	32	0.5	0.775	0.646	0.034
ENST00000396573	103	1465	32	0.5	0.768	0.651	0.037
ENST00000396573	104	1465	30	0.467	0.768	0.608	0.019
ENST00000396573	105	1465	32	0.5	0.768	0.651	0.037
ENST00000396573	106	1465	31	0.452	0.764	0.591	0.013
ENST00000396573	107	1465	33	0.485	0.764	0.634	0.027
ENST00000396573	108	1465	33	0.515	0.764	0.674	0.048
ENST00000396573	109	1465	31	0.516	0.768	0.672	0.054
ENST00000396573	110	1465	28	0.464	0.771	0.602	0.022
ENST00000396573	111	1465	26	0.5	0.767	0.652	0.072
ENST00000396573	112	1465	24	0.5	0.764	0.655	0.092
ENST00000396573	113	1465	24	0.5	0.771	0.649	0.087
ENST00000396573	114	1465	22	0.545	0.771	0.708	0.168
ENST00000396573	115	1465	21	0.476	0.771	0.618	0.066
ENST00000396573	116	1465	21	0.476	0.764	0.624	0.076
ENST00000396573	117	1465	21	0.476	0.764	0.624	0.076
ENST00000396573	118	1465	20	0.5	0.767	0.652	0.138
ENST00000396573	119	1465	22	0.5	0.764	0.655	0.114
ENST00000396573	120	1465	22	0.5	0.775	0.646	0.078
ENST00000396573	121	1465	22	0.5	0.767	0.652	0.111
ENST00000396573	122	1465	22	0.5	0.768	0.651	0.111
ENST00000396573	123	1465	22	0.5	0.768	0.651	0.111
ENST00000396573	124	1465	21	0.524	0.775	0.676	0.144
ENST00000396573	125	1465	25	0.56	0.775	0.722	0.149
ENST00000396573	126	1465	28	0.571	0.775	0.737	0.171
ENST00000396573	127	1465	28	0.571	0.769	0.743	0.178
ENST00000396573	128	1465	27	0.556	0.758	0.733	0.178
ENST00000396573	129	1465	28	0.536	0.769	0.697	0.094
ENST00000396573	130	1465	28	0.536	0.769	0.697	0.094
ENST00000396573	131	1465	28	0.536	0.768	0.697	0.096
ENST00000396573	132	1465	28	0.536	0.772	0.694	0.09
ENST00000396573	133	1465	27	0.556	0.771	0.721	0.165
ENST00000396573	134	1465	30	0.533	0.771	0.692	0.075
ENST00000396573	135	1465	29	0.552	0.764	0.722	0.141
ENST00000396573	136	1465	28	0.5	0.767	0.652	0.058
ENST00000396573	137	1465	28	0.5	0.766	0.652	0.059
ENST00000396573	138	1465	26	0.5	0.773	0.647	0.068
ENST00000396573	139	1465	24	0.458	0.779	0.588	0.027
ENST00000396573	140	1465	24	0.458	0.776	0.591	0.03
ENST00000396573	141	1465	27	0.444	0.773	0.575	0.015
ENST00000396573	142	1465	28	0.429	0.773	0.555	0.009
ENST00000396573	143	1465	28	0.429	0.78	0.549	0.007
ENST00000396573	144	1465	29	0.414	0.769	0.538	0.006
ENST00000396573	145	1465	29	0.414	0.776	0.533	0.005
ENST00000396573	146	1465	29	0.448	0.779	0.575	0.01
ENST00000396573	147	1465	29	0.448	0.79	0.567	0.007
ENST00000396573	148	1465	30	0.433	0.797	0.544	0.003
ENST00000396573	149	1465	30	0.4	0.793	0.504	0.001
ENST00000396573	150	1465	29	0.379	0.796	0.477	0.001
ENST00000396573	151	1465	31	0.419	0.792	0.53	0.002
ENST00000396573	152	1465	31	0.419	0.801	0.523	0.001
ENST00000396573	153	1465	32	0.438	0.801	0.546	0.002
ENST00000396573	154	1465	34	0.412	0.795	0.518	0.001
ENST00000396573	155	1465	35	0.4	0.795	0.503	0
ENST00000396573	156	1465	31	0.355	0.795	0.446	0
ENST00000396573	157	1465	29	0.345	0.791	0.436	0
ENST00000396573	158	1465	28	0.357	0.791	0.451	0.001
ENST00000396573	159	1465	31	0.355	0.791	0.449	0
ENST00000396573	160	1465	30	0.367	0.784	0.468	0.001
ENST00000396573	161	1465	31	0.355	0.78	0.455	0
ENST00000396573	162	1465	31	0.355	0.781	0.455	0
ENST00000396573	163	1465	30	0.333	0.773	0.431	0
ENST00000396573	164	1465	33	0.333	0.774	0.431	0
ENST00000396573	165	1465	31	0.323	0.78	0.414	0
ENST00000396573	166	1465	32	0.312	0.784	0.399	0
ENST00000396573	167	1465	30	0.333	0.787	0.424	0
ENST00000396573	168	1465	31	0.355	0.787	0.451	0
ENST00000396573	169	1465	31	0.323	0.784	0.411	0
ENST00000396573	170	1465	32	0.312	0.785	0.398	0
ENST00000396573	171	1465	32	0.281	0.793	0.355	0
ENST00000396573	172	1465	31	0.29	0.793	0.366	0
ENST00000396573	173	1465	30	0.3	0.799	0.375	0
ENST00000396573	174	1465	33	0.333	0.788	0.423	0
ENST00000396573	175	1465	33	0.364	0.792	0.459	0
ENST00000396573	176	1465	32	0.375	0.785	0.478	0
ENST00000396573	177	1465	33	0.394	0.789	0.499	0.001
ENST00000396573	178	1465	35	0.429	0.785	0.546	0.002
ENST00000396573	179	1465	35	0.429	0.786	0.545	0.001
ENST00000396573	180	1465	35	0.457	0.786	0.582	0.004
ENST00000396573	181	1465	34	0.471	0.78	0.603	0.008
ENST00000396573	182	1465	33	0.424	0.773	0.549	0.003
ENST00000396573	183	1465	33	0.424	0.773	0.549	0.003
ENST00000396573	184	1465	35	0.457	0.773	0.591	0.006
ENST00000396573	185	1465	35	0.514	0.784	0.656	0.026
ENST00000396573	186	1465	36	0.556	0.783	0.709	0.053
ENST00000396573	187	1465	35	0.571	0.79	0.723	0.066
ENST00000396573	188	1465	36	0.583	0.794	0.735	0.071
ENST00000396573	189	1465	37	0.595	0.798	0.745	0.094
ENST00000396573	190	1465	34	0.618	0.798	0.774	0.153
ENST00000396573	191	1465	34	0.618	0.794	0.778	0.16
ENST00000396573	192	1465	34	0.618	0.798	0.774	0.153
ENST00000396573	193	1465	35	0.629	0.79	0.795	0.221
ENST00000396573	194	1465	36	0.639	0.79	0.808	0.231
ENST00000396573	195	1465	34	0.676	0.798	0.848	0.344
ENST00000396573	196	1465	35	0.686	0.799	0.859	0.424
ENST00000396573	197	1465	35	0.714	0.802	0.89	0.51
ENST00000396573	198	1465	36	0.722	0.796	0.908	0.613
ENST00000396573	199	1465	34	0.735	0.795	0.925	0.698
ENST00000396573	200	1465	33	0.758	0.791	0.957	0.886
ENST00000396573	201	1465	32	0.781	0.79	0.988	0.965
ENST00000396573	202	1465	31	0.806	0.783	1.03	1
ENST00000396573	203	1465	29	0.828	0.79	1.048	0.965
ENST00000396573	204	1465	29	0.828	0.779	1.062	0.882
ENST00000396573	205	1465	26	0.846	0.786	1.077	0.869
ENST00000396573	206	1465	26	0.846	0.793	1.068	0.869
ENST00000396573	207	1465	27	0.815	0.796	1.023	1
ENST00000396573	208	1465	28	0.786	0.796	0.987	0.965
ENST00000396573	209	1465	26	0.769	0.789	0.975	0.965
ENST00000396573	210	1465	25	0.8	0.781	1.024	1
ENST00000396573	211	1465	24	0.792	0.774	1.023	1
ENST00000396573	212	1465	24	0.792	0.778	1.018	1
ENST00000396573	213	1465	24	0.833	0.781	1.067	0.965
ENST00000396573	214	1465	26	0.769	0.771	0.997	1
ENST00000396573	215	1465	24	0.75	0.77	0.975	0.965
ENST00000396573	216	1465	22	0.727	0.765	0.951	0.863
ENST00000396573	217	1465	22	0.682	0.758	0.899	0.744
ENST00000396573	218	1465	22	0.682	0.757	0.9	0.745
ENST00000396573	219	1465	23	0.652	0.765	0.853	0.529
ENST00000396573	220	1465	22	0.636	0.768	0.829	0.51
ENST00000396573	221	1465	22	0.636	0.768	0.829	0.51
ENST00000396573	222	1465	22	0.636	0.772	0.825	0.419
ENST00000396573	223	1465	23	0.652	0.764	0.854	0.53
ENST00000396573	224	1465	23	0.652	0.768	0.849	0.525
ENST00000396573	225	1465	22	0.636	0.764	0.833	0.514
ENST00000396573	226	1465	21	0.619	0.764	0.81	0.407
ENST00000396573	227	1465	20	0.6	0.764	0.785	0.383
ENST00000396573	228	1465	19	0.579	0.757	0.765	0.372
ENST00000396573	229	1465	21	0.571	0.757	0.755	0.311
ENST00000396573	230	1465	24	0.542	0.75	0.722	0.208
ENST00000396573	231	1465	25	0.56	0.75	0.747	0.228
ENST00000396573	232	1465	26	0.538	0.743	0.724	0.183
ENST00000396573	233	1465	27	0.519	0.743	0.697	0.138
ENST00000396573	234	1465	29	0.517	0.737	0.702	0.124
ENST00000396573	235	1465	32	0.5	0.741	0.675	0.073
ENST00000396573	236	1465	33	0.515	0.74	0.696	0.086
ENST00000396573	237	1465	32	0.5	0.741	0.675	0.073
ENST00000396573	238	1465	33	0.545	0.744	0.733	0.146
ENST00000396573	239	1465	31	0.516	0.744	0.693	0.095
ENST00000396573	240	1465	31	0.516	0.754	0.685	0.087
ENST00000396573	241	1465	31	0.516	0.757	0.681	0.084
ENST00000396573	242	1465	31	0.516	0.757	0.681	0.084
ENST00000396573	243	1465	31	0.516	0.754	0.685	0.087
ENST00000396573	244	1465	30	0.5	0.758	0.659	0.054
ENST00000396573	245	1465	28	0.536	0.761	0.704	0.133
ENST00000396573	246	1465	27	0.519	0.756	0.686	0.099
ENST00000396573	247	1465	28	0.5	0.749	0.667	0.077
ENST00000396573	248	1465	26	0.5	0.749	0.667	0.092
ENST00000396573	249	1465	26	0.5	0.75	0.667	0.091
ENST00000396573	250	1465	25	0.48	0.743	0.646	0.084
ENST00000396573	251	1465	25	0.48	0.743	0.646	0.084
ENST00000396573	252	1465	27	0.481	0.743	0.648	0.071
ENST00000396573	253	1465	27	0.481	0.746	0.645	0.067
ENST00000396573	254	1465	26	0.462	0.746	0.618	0.056
ENST00000396573	255	1465	26	0.423	0.749	0.565	0.022
ENST00000396573	256	1465	26	0.423	0.759	0.557	0.016
ENST00000396573	257	1465	28	0.464	0.759	0.611	0.039
ENST00000396573	258	1465	28	0.464	0.753	0.617	0.042
ENST00000396573	259	1465	31	0.452	0.752	0.601	0.024
ENST00000396573	260	1465	28	0.429	0.751	0.571	0.017
ENST00000396573	261	1465	28	0.429	0.751	0.571	0.017
ENST00000396573	262	1465	28	0.429	0.755	0.568	0.016
ENST00000396573	263	1465	28	0.429	0.755	0.568	0.016
ENST00000396573	264	1465	30	0.433	0.755	0.574	0.013
ENST00000396573	265	1465	28	0.429	0.755	0.568	0.016
ENST00000396573	266	1465	26	0.423	0.76	0.556	0.016
ENST00000396573	267	1465	25	0.4	0.762	0.525	0.011
ENST00000396573	268	1465	25	0.4	0.762	0.525	0.011
ENST00000396573	269	1465	23	0.348	0.764	0.455	0.004
ENST00000396573	270	1465	22	0.364	0.764	0.476	0.008
ENST00000396573	271	1465	23	0.348	0.76	0.457	0.005
ENST00000396573	272	1465	23	0.348	0.764	0.455	0.004
ENST00000396573	273	1465	23	0.348	0.76	0.457	0.005
ENST00000396573	274	1465	24	0.375	0.767	0.489	0.006
ENST00000396573	275	1465	26	0.385	0.759	0.506	0.007
ENST00000396573	276	1465	27	0.37	0.759	0.488	0.004
ENST00000396573	277	1465	27	0.37	0.759	0.488	0.004
ENST00000396573	278	1465	26	0.385	0.763	0.504	0.006
ENST00000396573	279	1465	27	0.37	0.771	0.481	0.002
ENST00000396573	280	1465	28	0.393	0.763	0.515	0.005
ENST00000396573	281	1465	26	0.385	0.767	0.502	0.005
ENST00000396573	282	1465	28	0.429	0.76	0.564	0.013
ENST00000396573	283	1465	27	0.444	0.764	0.582	0.02
ENST00000396573	284	1465	27	0.444	0.757	0.587	0.024
ENST00000396573	285	1465	29	0.448	0.757	0.593	0.02
ENST00000396573	286	1465	30	0.433	0.75	0.578	0.015
ENST00000396573	287	1465	32	0.438	0.743	0.588	0.018
ENST00000396573	288	1465	31	0.387	0.736	0.526	0.006
ENST00000396573	289	1465	32	0.438	0.736	0.594	0.021
ENST00000396573	290	1465	30	0.467	0.737	0.633	0.046
ENST00000396573	291	1465	32	0.5	0.749	0.667	0.067
ENST00000396573	292	1465	30	0.5	0.745	0.671	0.084
ENST00000396573	293	1465	31	0.516	0.748	0.69	0.091
ENST00000396573	294	1465	32	0.531	0.755	0.704	0.095
ENST00000396573	295	1465	30	0.533	0.762	0.7	0.108
ENST00000396573	296	1465	32	0.531	0.762	0.697	0.088
ENST00000396573	297	1465	32	0.531	0.762	0.697	0.088
ENST00000396573	298	1465	33	0.515	0.758	0.679	0.068
ENST00000396573	299	1465	35	0.486	0.751	0.647	0.03
ENST00000396573	300	1465	36	0.5	0.748	0.668	0.045
ENST00000396573	301	1465	37	0.514	0.741	0.693	0.074
ENST00000396573	302	1465	37	0.541	0.742	0.729	0.107
ENST00000396573	303	1465	37	0.541	0.734	0.736	0.142
ENST00000396573	304	1465	39	0.564	0.745	0.757	0.149
ENST00000396573	305	1465	38	0.553	0.745	0.741	0.141
ENST00000396573	306	1465	39	0.564	0.751	0.751	0.144
ENST00000396573	307	1465	40	0.575	0.748	0.769	0.156
ENST00000396573	308	1465	40	0.575	0.755	0.762	0.148
ENST00000396573	309	1465	41	0.585	0.762	0.768	0.149
ENST00000396573	310	1465	41	0.585	0.761	0.769	0.149
ENST00000396573	311	1465	40	0.575	0.765	0.752	0.107
ENST00000396573	312	1465	43	0.605	0.761	0.794	0.171
ENST00000396573	313	1465	42	0.595	0.768	0.775	0.15
ENST00000396573	314	1465	42	0.595	0.764	0.779	0.154
ENST00000396573	315	1465	46	0.587	0.768	0.764	0.105
ENST00000396573	316	1465	43	0.605	0.779	0.776	0.116
ENST00000396573	317	1465	41	0.634	0.787	0.806	0.179
ENST00000396573	318	1465	42	0.667	0.787	0.848	0.343
ENST00000396573	319	1465	41	0.683	0.789	0.865	0.402
ENST00000396573	320	1465	40	0.675	0.797	0.847	0.317
ENST00000396573	321	1465	43	0.674	0.797	0.846	0.28
ENST00000396573	322	1465	41	0.659	0.793	0.83	0.266
ENST00000396573	323	1465	40	0.675	0.808	0.835	0.245
ENST00000396573	324	1465	38	0.658	0.801	0.821	0.235
ENST00000396573	325	1465	38	0.684	0.802	0.853	0.366
ENST00000396573	326	1465	37	0.703	0.795	0.884	0.455
ENST00000396573	327	1465	35	0.714	0.795	0.899	0.606
ENST00000396573	328	1465	36	0.75	0.799	0.939	0.799
ENST00000396573	329	1465	36	0.778	0.802	0.97	0.889
ENST00000396573	330	1465	34	0.824	0.802	1.027	1
ENST00000396573	331	1465	34	0.794	0.802	0.99	0.965
ENST00000396573	332	1465	37	0.784	0.81	0.968	0.889
ENST00000396573	333	1465	37	0.757	0.805	0.94	0.712
ENST00000396573	334	1465	37	0.757	0.805	0.94	0.712
ENST00000396573	335	1465	35	0.743	0.805	0.923	0.694
ENST00000396573	336	1465	36	0.75	0.799	0.939	0.799
ENST00000396573	337	1465	35	0.743	0.799	0.929	0.701
ENST00000396573	338	1465	34	0.765	0.806	0.949	0.79
ENST00000396573	339	1465	35	0.771	0.799	0.965	0.888
ENST00000396573	340	1465	34	0.765	0.794	0.963	0.888
ENST00000396573	341	1465	34	0.794	0.794	1	1
ENST00000396573	342	1465	35	0.8	0.79	1.012	1
ENST00000396573	343	1465	34	0.794	0.798	0.995	1
ENST00000396573	344	1465	33	0.788	0.791	0.996	1
ENST00000396573	345	1465	32	0.781	0.795	0.983	0.965
ENST00000396573	346	1465	28	0.821	0.791	1.038	0.965
ENST00000396573	347	1465	29	0.828	0.78	1.061	0.882
ENST00000396573	348	1465	29	0.828	0.772	1.071	0.882
ENST00000396573	349	1465	26	0.808	0.776	1.041	0.965
ENST00000396573	350	1465	27	0.815	0.773	1.054	0.965
ENST00000396573	351	1465	27	0.778	0.762	1.021	1
ENST00000396573	352	1465	25	0.8	0.77	1.04	1
ENST00000396573	353	1465	25	0.8	0.769	1.041	0.965
ENST00000396573	354	1465	27	0.778	0.765	1.017	1
ENST00000396573	355	1465	30	0.767	0.761	1.007	1
ENST00000396573	356	1465	28	0.75	0.76	0.986	0.965
ENST00000396573	357	1465	28	0.75	0.77	0.974	0.965
ENST00000396573	358	1465	29	0.724	0.777	0.933	0.781
ENST00000396573	359	1465	27	0.704	0.774	0.91	0.671
ENST00000396573	360	1465	27	0.704	0.766	0.919	0.774
ENST00000396573	361	1465	28	0.679	0.766	0.886	0.582
ENST00000396573	362	1465	28	0.679	0.766	0.886	0.582
ENST00000396573	363	1465	24	0.667	0.768	0.868	0.544
ENST00000396573	364	1465	24	0.708	0.773	0.917	0.753
ENST00000396573	365	1465	25	0.72	0.78	0.923	0.756
ENST00000396573	366	1465	27	0.704	0.78	0.902	0.661
ENST00000396573	367	1465	31	0.645	0.78	0.827	0.332
ENST00000396573	368	1465	30	0.633	0.77	0.823	0.337
ENST00000396573	369	1465	31	0.613	0.771	0.795	0.268
ENST00000396573	370	1465	32	0.562	0.767	0.733	0.124
ENST00000396573	371	1465	33	0.576	0.765	0.753	0.175
ENST00000396573	372	1465	35	0.571	0.766	0.746	0.145
ENST00000396573	373	1465	37	0.541	0.766	0.706	0.062
ENST00000396573	374	1465	36	0.528	0.758	0.696	0.062
ENST00000396573	375	1465	36	0.528	0.768	0.687	0.055
ENST00000396573	376	1465	36	0.528	0.764	0.691	0.057
ENST00000396573	377	1465	37	0.514	0.772	0.666	0.026
ENST00000396573	378	1465	36	0.5	0.777	0.643	0.02
ENST00000396573	379	1465	36	0.5	0.784	0.638	0.013
ENST00000396573	380	1465	36	0.5	0.78	0.641	0.019
ENST00000396573	381	1465	35	0.486	0.788	0.616	0.008
ENST00000396573	382	1465	36	0.5	0.792	0.632	0.01
ENST00000396573	383	1465	34	0.471	0.792	0.594	0.005
ENST00000396573	384	1465	34	0.471	0.792	0.594	0.005
ENST00000396573	385	1465	33	0.485	0.791	0.613	0.01
ENST00000396573	386	1465	33	0.455	0.795	0.572	0.003
ENST00000396573	387	1465	33	0.455	0.795	0.571	0.003
ENST00000396573	388	1465	34	0.471	0.793	0.593	0.005
ENST00000396573	389	1465	33	0.485	0.794	0.611	0.009
ENST00000396573	390	1465	33	0.485	0.795	0.61	0.008
ENST00000396573	391	1465	32	0.469	0.795	0.59	0.006
ENST00000396573	392	1465	31	0.484	0.802	0.603	0.008
ENST00000396573	393	1465	31	0.484	0.799	0.605	0.009
ENST00000396573	394	1465	31	0.484	0.79	0.613	0.013
ENST00000396573	395	1465	30	0.467	0.783	0.596	0.012
ENST00000396573	396	1465	30	0.433	0.772	0.561	0.007
ENST00000396573	397	1465	29	0.414	0.771	0.537	0.005
ENST00000396573	398	1465	24	0.417	0.778	0.536	0.012
ENST00000396573	399	1465	25	0.44	0.781	0.563	0.015
ENST00000396573	400	1465	25	0.44	0.774	0.568	0.018
ENST00000396573	401	1465	23	0.478	0.785	0.609	0.039
ENST00000396573	402	1465	25	0.44	0.781	0.563	0.015
ENST00000396573	403	1465	25	0.4	0.778	0.514	0.006
ENST00000396573	404	1465	23	0.435	0.778	0.559	0.021
ENST00000396573	405	1465	23	0.435	0.784	0.554	0.017
ENST00000396573	406	1465	24	0.417	0.782	0.533	0.01
ENST00000396573	407	1465	26	0.423	0.786	0.538	0.007
ENST00000396573	408	1465	27	0.444	0.79	0.563	0.009
ENST00000396573	409	1465	30	0.5	0.784	0.638	0.026
ENST00000396573	410	1465	32	0.5	0.774	0.646	0.034
ENST00000396573	411	1465	33	0.485	0.774	0.627	0.017
ENST00000396573	412	1465	34	0.5	0.773	0.647	0.027
ENST00000396573	413	1465	34	0.471	0.773	0.609	0.011
ENST00000396573	414	1465	34	0.471	0.772	0.61	0.011
ENST00000396573	415	1465	36	0.472	0.766	0.617	0.014
ENST00000396573	416	1465	38	0.474	0.763	0.621	0.012
ENST00000396573	417	1465	37	0.486	0.77	0.632	0.015
ENST00000396573	418	1465	38	0.474	0.763	0.621	0.012
ENST00000396573	419	1465	37	0.459	0.755	0.608	0.012
ENST00000396573	420	1465	37	0.459	0.748	0.614	0.014
ENST00000396573	421	1465	37	0.459	0.747	0.615	0.014
ENST00000396573	422	1465	38	0.474	0.744	0.637	0.025
ENST00000396573	423	1465	40	0.475	0.743	0.64	0.021
ENST00000396573	424	1465	41	0.488	0.746	0.654	0.022
ENST00000396573	425	1465	45	0.511	0.746	0.685	0.032
ENST00000396573	426	1465	46	0.522	0.753	0.693	0.033
ENST00000396573	427	1465	45	0.533	0.76	0.702	0.04
ENST00000396573	428	1465	44	0.545	0.761	0.717	0.053
ENST00000396573	429	1465	45	0.556	0.762	0.729	0.058
ENST00000396573	430	1465	43	0.558	0.76	0.734	0.072
ENST00000396573	431	1465	42	0.548	0.76	0.72	0.065
ENST00000396573	432	1465	45	0.578	0.76	0.76	0.106
ENST00000396573	433	1465	44	0.614	0.767	0.8	0.172
ENST00000396573	434	1465	44	0.636	0.763	0.834	0.27
ENST00000396573	435	1465	43	0.628	0.774	0.811	0.2
ENST00000396573	436	1465	43	0.628	0.775	0.81	0.198
ENST00000396573	437	1465	43	0.651	0.768	0.848	0.37
ENST00000396573	438	1465	41	0.659	0.77	0.855	0.359
ENST00000396573	439	1465	39	0.667	0.77	0.866	0.415
ENST00000396573	440	1465	36	0.639	0.776	0.823	0.307
ENST00000396573	441	1465	34	0.647	0.787	0.823	0.284
ENST00000396573	442	1465	34	0.676	0.793	0.853	0.421
ENST00000396573	443	1465	35	0.629	0.787	0.799	0.226
ENST00000396573	444	1465	34	0.676	0.794	0.852	0.354
ENST00000396573	445	1465	35	0.657	0.794	0.828	0.283
ENST00000396573	446	1465	33	0.667	0.798	0.836	0.328
ENST00000396573	447	1465	31	0.677	0.801	0.845	0.384
ENST00000396573	448	1465	30	0.7	0.798	0.877	0.479
ENST00000396573	449	1465	30	0.7	0.794	0.882	0.568
ENST00000396573	450	1465	30	0.7	0.801	0.874	0.471
ENST00000396573	451	1465	30	0.7	0.808	0.867	0.458
ENST00000396573	452	1465	30	0.7	0.801	0.874	0.471
ENST00000396573	453	1465	30	0.667	0.805	0.829	0.301
ENST00000396573	454	1465	28	0.679	0.801	0.847	0.445
ENST00000396573	455	1465	28	0.679	0.793	0.855	0.454
ENST00000396573	456	1465	25	0.68	0.793	0.857	0.522
ENST00000396573	457	1465	24	0.667	0.793	0.84	0.418
ENST00000396573	458	1465	24	0.667	0.797	0.836	0.409
ENST00000396573	459	1465	24	0.667	0.789	0.844	0.428
ENST00000396573	460	1465	24	0.625	0.788	0.793	0.32
ENST00000396573	461	1465	26	0.615	0.797	0.772	0.201
ENST00000396573	462	1465	27	0.593	0.797	0.744	0.144
ENST00000396573	463	1465	25	0.56	0.795	0.704	0.119
ENST00000396573	464	1465	25	0.48	0.785	0.612	0.031
ENST00000396573	465	1465	23	0.435	0.785	0.554	0.017
ENST00000396573	466	1465	25	0.44	0.774	0.569	0.019
ENST00000396573	467	1465	26	0.423	0.774	0.547	0.011
ENST00000396573	468	1465	26	0.385	0.774	0.497	0.004
ENST00000396573	469	1465	26	0.385	0.774	0.497	0.004
ENST00000396573	470	1465	27	0.37	0.774	0.478	0.002
ENST00000396573	471	1465	28	0.357	0.768	0.465	0.001
ENST00000396573	472	1465	28	0.357	0.768	0.465	0.001
ENST00000396573	473	1465	27	0.333	0.768	0.434	0.001
ENST00000396573	474	1465	25	0.36	0.768	0.469	0.003
ENST00000396573	475	1465	25	0.32	0.768	0.417	0.001
ENST00000396573	476	1465	25	0.36	0.769	0.468	0.003
ENST00000396573	477	1465	25	0.36	0.765	0.471	0.004
ENST00000396573	478	1465	24	0.333	0.767	0.435	0.002
ENST00000396573	479	1465	23	0.304	0.771	0.395	0.001
ENST00000396573	480	1465	22	0.318	0.774	0.411	0.002
ENST00000396573	481	1465	22	0.318	0.778	0.409	0.002
ENST00000396573	482	1465	23	0.304	0.775	0.393	0.001
ENST00000396573	483	1465	25	0.32	0.775	0.413	0.001
ENST00000396573	484	1465	24	0.333	0.782	0.426	0.001
ENST00000396573	485	1465	25	0.32	0.779	0.411	0.001
ENST00000396573	486	1465	23	0.304	0.779	0.391	0.001
ENST00000396573	487	1465	22	0.273	0.785	0.347	0
ENST00000396573	488	1465	23	0.261	0.785	0.332	0
ENST00000396573	489	1465	25	0.32	0.774	0.414	0.001
ENST00000396573	490	1465	25	0.32	0.774	0.414	0.001
ENST00000396573	491	1465	25	0.36	0.768	0.469	0.003
ENST00000396573	492	1465	23	0.348	0.772	0.451	0.003
ENST00000396573	493	1465	21	0.381	0.772	0.494	0.012
ENST00000396573	494	1465	21	0.333	0.766	0.435	0.005
ENST00000396573	495	1465	19	0.368	0.77	0.479	0.015
ENST00000396573	496	1465	19	0.368	0.769	0.479	0.015
ENST00000396573	497	1465	18	0.333	0.769	0.434	0.01
ENST00000396573	498	1465	16	0.312	0.761	0.411	0.014
ENST00000396573	499	1465	16	0.312	0.765	0.409	0.013
ENST00000396573	500	1465	17	0.294	0.766	0.384	0.006
ENST00000396573	501	1465	17	0.294	0.765	0.385	0.007
ENST00000396573	502	1465	16	0.312	0.772	0.405	0.011
ENST00000396573	503	1465	16	0.312	0.765	0.409	0.013
ENST00000396573	504	1465	16	0.312	0.758	0.412	0.015
ENST00000396573	505	1465	18	0.333	0.765	0.436	0.011
ENST00000396573	506	1465	18	0.389	0.757	0.513	0.035
ENST00000396573	507	1465	17	0.353	0.75	0.471	0.028
ENST00000396573	508	1465	17	0.353	0.757	0.466	0.024
ENST00000396573	509	1465	17	0.353	0.756	0.467	0.024
ENST00000396573	510	1465	17	0.353	0.748	0.472	0.029
ENST00000396573	511	1465	17	0.353	0.749	0.471	0.028
ENST00000396573	512	1465	20	0.3	0.738	0.406	0.007
ENST00000396573	513	1465	19	0.316	0.742	0.426	0.011
ENST00000396573	514	1465	17	0.294	0.742	0.397	0.012
ENST00000396573	515	1465	17	0.294	0.742	0.397	0.012
ENST00000396573	516	1465	17	0.294	0.742	0.397	0.012
ENST00000396573	517	1465	18	0.278	0.741	0.375	0.007
ENST00000396573	518	1465	18	0.278	0.739	0.376	0.007
ENST00000396573	519	1465	17	0.294	0.74	0.397	0.012
ENST00000396573	520	1465	15	0.2	0.744	0.269	0.003
ENST00000396573	521	1465	15	0.2	0.755	0.265	0.002
ENST00000396573	522	1465	14	0.143	0.755	0.189	0.001
ENST00000396573	523	1465	15	0.2	0.742	0.27	0.003
ENST00000396573	524	1465	15	0.2	0.744	0.269	0.003
ENST00000396573	525	1465	15	0.2	0.752	0.266	0.003
ENST00000396573	526	1465	16	0.188	0.759	0.247	0.001
ENST00000396573	527	1465	15	0.2	0.76	0.263	0.002
ENST00000396573	528	1465	15	0.2	0.76	0.263	0.002
ENST00000396573	529	1465	16	0.188	0.76	0.247	0.001
ENST00000396573	530	1465	15	0.2	0.755	0.265	0.002
ENST00000396573	531	1465	15	0.267	0.747	0.357	0.011
ENST00000396573	532	1465	14	0.286	0.741	0.386	0.023
ENST00000396573	533	1465	14	0.286	0.734	0.389	0.026
ENST00000396573	534	1465	14	0.286	0.742	0.385	0.023
ENST00000396573	535	1465	14	0.286	0.738	0.387	0.025
ENST00000396573	536	1465	12	0.25	0.738	0.339	0.026
ENST00000396573	537	1465	11	0.182	0.738	0.246	0.014
ENST00000396573	538	1465	11	0.182	0.745	0.244	0.012
ENST00000396573	539	1465	12	0.167	0.745	0.224	0.006
ENST00000396573	540	1465	14	0.214	0.738	0.29	0.007
ENST00000396573	541	1465	14	0.214	0.738	0.29	0.007
ENST00000396573	542	1465	15	0.2	0.738	0.271	0.004
ENST00000396573	543	1465	12	0.25	0.747	0.335	0.022
ENST00000396573	544	1465	13	0.308	0.74	0.416	0.042
ENST00000396573	545	1465	14	0.357	0.751	0.476	0.053
ENST00000396573	546	1465	14	0.357	0.756	0.473	0.049
ENST00000396573	547	1465	13	0.385	0.763	0.504	0.075
ENST00000396573	548	1465	13	0.385	0.764	0.504	0.074
ENST00000396573	549	1465	14	0.429	0.771	0.556	0.091
ENST00000396573	550	1465	15	0.4	0.76	0.526	0.066
ENST00000396573	551	1465	16	0.375	0.76	0.493	0.039
ENST00000396573	552	1465	16	0.375	0.753	0.498	0.045
ENST00000396573	553	1465	17	0.412	0.753	0.547	0.063
ENST00000396573	554	1465	16	0.375	0.755	0.497	0.043
ENST00000396573	555	1465	16	0.375	0.752	0.499	0.045
ENST00000396573	556	1465	16	0.438	0.748	0.585	0.106
ENST00000396573	557	1465	15	0.467	0.741	0.63	0.215
ENST00000396573	558	1465	15	0.467	0.741	0.63	0.215
ENST00000396573	559	1465	14	0.5	0.748	0.668	0.281
ENST00000396573	560	1465	14	0.5	0.748	0.668	0.281
ENST00000396573	561	1465	15	0.533	0.757	0.704	0.298
ENST00000396573	562	1465	14	0.5	0.764	0.655	0.202
ENST00000396573	563	1465	14	0.5	0.769	0.65	0.19
ENST00000396573	564	1465	14	0.5	0.777	0.644	0.175
ENST00000396573	565	1465	16	0.5	0.777	0.644	0.142
ENST00000396573	566	1465	16	0.5	0.78	0.641	0.135
ENST00000396573	567	1465	16	0.5	0.774	0.646	0.147
ENST00000396573	568	1465	17	0.471	0.773	0.609	0.096
ENST00000396573	569	1465	17	0.471	0.771	0.61	0.098
ENST00000396573	570	1465	16	0.5	0.771	0.648	0.152
ENST00000396573	571	1465	15	0.533	0.774	0.689	0.278
ENST00000396573	572	1465	15	0.533	0.781	0.682	0.203
ENST00000396573	573	1465	14	0.571	0.784	0.729	0.358
ENST00000396573	574	1465	16	0.625	0.774	0.807	0.537
ENST00000396573	575	1465	17	0.588	0.781	0.754	0.317
ENST00000396573	576	1465	17	0.588	0.77	0.764	0.341
ENST00000396573	577	1465	17	0.588	0.765	0.769	0.353
ENST00000396573	578	1465	18	0.556	0.757	0.733	0.276
ENST00000396573	579	1465	20	0.6	0.757	0.792	0.393
ENST00000396573	580	1465	20	0.6	0.754	0.796	0.4
ENST00000396573	581	1465	20	0.65	0.757	0.858	0.609
ENST00000396573	582	1465	19	0.684	0.757	0.903	0.725
ENST00000396573	583	1465	19	0.684	0.754	0.908	0.731
ENST00000396573	584	1465	18	0.667	0.761	0.876	0.705
ENST00000396573	585	1465	18	0.667	0.761	0.876	0.705
ENST00000396573	586	1465	19	0.684	0.765	0.894	0.716
ENST00000396573	587	1465	18	0.667	0.76	0.877	0.706
ENST00000396573	588	1465	18	0.667	0.767	0.869	0.702
ENST00000396573	589	1465	18	0.667	0.767	0.869	0.702
ENST00000396573	590	1465	18	0.667	0.763	0.874	0.704
ENST00000396573	591	1465	17	0.706	0.773	0.913	0.819
ENST00000396573	592	1465	17	0.706	0.765	0.923	0.825
ENST00000396573	593	1465	17	0.706	0.758	0.931	0.831
ENST00000396573	594	1465	17	0.706	0.762	0.926	0.827
ENST00000396573	595	1465	17	0.706	0.755	0.935	0.835
ENST00000396573	596	1465	16	0.688	0.743	0.925	0.829
ENST00000396573	597	1465	17	0.647	0.743	0.87	0.705
ENST00000396573	598	1465	17	0.647	0.751	0.862	0.7
ENST00000396573	599	1465	17	0.647	0.759	0.852	0.579
ENST00000396573	600	1465	17	0.647	0.761	0.85	0.576
ENST00000396573	601	1465	18	0.611	0.754	0.811	0.473
ENST00000396573	602	1465	19	0.526	0.751	0.701	0.215
ENST00000396573	603	1465	19	0.526	0.743	0.708	0.229
ENST00000396573	604	1465	19	0.526	0.742	0.71	0.291
ENST00000396573	605	1465	17	0.471	0.748	0.629	0.171
ENST00000396573	606	1465	15	0.467	0.749	0.623	0.21
ENST00000396573	607	1465	14	0.429	0.749	0.572	0.123
ENST00000396573	608	1465	14	0.429	0.749	0.572	0.123
ENST00000396573	609	1465	14	0.429	0.749	0.572	0.123
ENST00000396573	610	1465	11	0.364	0.749	0.485	0.105
ENST00000396573	611	1465	10	0.3	0.742	0.404	0.078
ENST00000396573	612	1465	9	0.222	0.749	0.297	0.043
ENST00000396573	613	1465	9	0.222	0.756	0.294	0.039
ENST00000396573	614	1465	9	0.222	0.759	0.293	0.037
ENST00000396573	615	1465	11	0.364	0.763	0.477	0.089
ENST00000396573	616	1465	12	0.333	0.763	0.437	0.051
ENST00000396573	617	1465	11	0.273	0.759	0.359	0.034
ENST00000396573	618	1465	11	0.273	0.76	0.359	0.033
ENST00000396573	619	1465	11	0.273	0.763	0.357	0.032
ENST00000396573	620	1465	12	0.25	0.763	0.328	0.017
ENST00000396573	621	1465	13	0.231	0.767	0.301	0.008
ENST00000396573	622	1465	14	0.214	0.765	0.28	0.004
ENST00000396573	623	1465	13	0.154	0.765	0.201	0.002
ENST00000396573	624	1465	14	0.143	0.765	0.187	0.001
ENST00000396573	625	1465	14	0.143	0.759	0.188	0.001
ENST00000396573	626	1465	14	0.143	0.766	0.186	0.001
ENST00000396573	627	1465	13	0.154	0.766	0.201	0.002
ENST00000396573	628	1465	12	0.167	0.766	0.217	0.004
ENST00000396573	629	1465	12	0.167	0.766	0.217	0.004
ENST00000396573	630	1465	11	0.182	0.765	0.238	0.008
ENST00000396573	631	1465	12	0.167	0.757	0.22	0.005
ENST00000396573	632	1465	11	0.182	0.757	0.24	0.01
ENST00000396573	633	1465	9	0.222	0.765	0.291	0.034
ENST00000396573	634	1465	9	0.222	0.761	0.292	0.036
ENST00000396573	635	1465	9	0.222	0.761	0.292	0.036
ENST00000396573	636	1465	11	0.182	0.755	0.241	0.01
ENST00000396573	637	1465	11	0.182	0.755	0.241	0.01
ENST00000396573	638	1465	11	0.182	0.766	0.237	0.008
ENST00000396573	639	1465	11	0.182	0.763	0.238	0.009
ENST00000396573	640	1465	10	0.2	0.769	0.26	0.016
ENST00000396573	641	1465	10	0.2	0.776	0.258	0.014
ENST00000396573	642	1465	10	0.2	0.782	0.256	0.012
ENST00000396573	643	1465	10	0.2	0.782	0.256	0.012
ENST00000396573	644	1465	10	0.2	0.776	0.258	0.014
ENST00000396573	645	1465	10	0.2	0.779	0.257	0.013
ENST00000396573	646	1465	9	0	0.775	0	0.001
ENST00000396573	647	1465	9	0	0.775	0	0.001
ENST00000396573	648	1465	10	0	0.775	0	0
ENST00000396573	649	1465	11	0	0.775	0	0
ENST00000396573	650	1465	11	0	0.766	0	0
ENST00000396573	651	1465	10	0	0.773	0	0
ENST00000396573	652	1465	9	0	0.773	0	0.001
ENST00000396573	653	1465	8	0	0.772	0	0.002
ENST00000396573	654	1465	8	0	0.779	0	0.002
ENST00000396573	655	1465	7	0	0.786	0	0.004
ENST00000396573	656	1465	8	0.125	0.789	0.158	0.011
ENST00000396573	657	1465	8	0.125	0.784	0.159	0.012
ENST00000396573	658	1465	10	0.3	0.788	0.381	0.04
ENST00000396573	659	1465	11	0.364	0.796	0.457	0.055
ENST00000396573	660	1465	13	0.462	0.796	0.58	0.107
ENST00000396573	661	1465	14	0.5	0.796	0.629	0.138
ENST00000396573	662	1465	14	0.5	0.796	0.629	0.138
ENST00000396573	663	1465	15	0.533	0.796	0.67	0.171
ENST00000396573	664	1465	15	0.533	0.788	0.677	0.187
ENST00000396573	665	1465	15	0.533	0.799	0.667	0.163
ENST00000396573	666	1465	16	0.562	0.795	0.708	0.208
ENST00000396573	667	1465	15	0.667	0.802	0.831	0.501
ENST00000396573	668	1465	16	0.625	0.795	0.786	0.392
ENST00000396573	669	1465	16	0.625	0.784	0.798	0.418
ENST00000396573	670	1465	16	0.625	0.78	0.801	0.427
ENST00000396573	671	1465	16	0.625	0.773	0.808	0.537
ENST00000396573	672	1465	17	0.588	0.774	0.76	0.33
ENST00000396573	673	1465	17	0.588	0.767	0.767	0.348
ENST00000396573	674	1465	17	0.588	0.767	0.767	0.348
ENST00000396573	675	1465	19	0.579	0.767	0.755	0.29
ENST00000396573	676	1465	19	0.579	0.766	0.756	0.292
ENST00000396573	677	1465	18	0.611	0.762	0.802	0.46
ENST00000396573	678	1465	17	0.647	0.77	0.841	0.562
ENST00000396573	679	1465	16	0.688	0.773	0.889	0.686
ENST00000396573	680	1465	16	0.688	0.77	0.893	0.692
ENST00000396573	681	1465	17	0.647	0.777	0.833	0.552
ENST00000396573	682	1465	17	0.647	0.777	0.833	0.552
ENST00000396573	683	1465	17	0.647	0.775	0.835	0.554
ENST00000396573	684	1465	17	0.647	0.769	0.842	0.563
ENST00000396573	685	1465	17	0.647	0.768	0.843	0.564
ENST00000396573	686	1465	18	0.667	0.772	0.864	0.585
ENST00000396573	687	1465	17	0.647	0.772	0.838	0.558
ENST00000396573	688	1465	17	0.647	0.776	0.834	0.553
ENST00000396573	689	1465	15	0.6	0.782	0.767	0.386
ENST00000396573	690	1465	14	0.571	0.786	0.727	0.355
ENST00000396573	691	1465	12	0.5	0.778	0.643	0.212
ENST00000396573	692	1465	12	0.5	0.779	0.642	0.211
ENST00000396573	693	1465	11	0.545	0.787	0.694	0.299
ENST00000396573	694	1465	11	0.545	0.794	0.687	0.28
ENST00000396573	695	1465	12	0.583	0.801	0.728	0.313
ENST00000396573	696	1465	12	0.583	0.8	0.729	0.315
ENST00000396573	697	1465	12	0.5	0.804	0.622	0.16
ENST00000396573	698	1465	11	0.455	0.796	0.571	0.136
ENST00000396573	699	1465	11	0.455	0.803	0.566	0.125
ENST00000396573	700	1465	13	0.462	0.811	0.569	0.085
ENST00000396573	701	1465	14	0.429	0.811	0.529	0.047
ENST00000396573	702	1465	15	0.4	0.814	0.492	0.023
ENST00000396573	703	1465	14	0.429	0.806	0.532	0.051
ENST00000396573	704	1465	15	0.467	0.814	0.573	0.06
ENST00000396573	705	1465	15	0.467	0.803	0.581	0.073
ENST00000396573	706	1465	13	0.462	0.81	0.57	0.086
ENST00000396573	707	1465	16	0.5	0.803	0.623	0.095
ENST00000396573	708	1465	17	0.471	0.8	0.588	0.06
ENST00000396573	709	1465	17	0.471	0.799	0.589	0.061
ENST00000396573	710	1465	18	0.444	0.792	0.561	0.041
ENST00000396573	711	1465	18	0.444	0.803	0.553	0.032
ENST00000396573	712	1465	17	0.471	0.795	0.592	0.065
ENST00000396573	713	1465	19	0.474	0.795	0.595	0.051
ENST00000396573	714	1465	20	0.5	0.793	0.63	0.069
ENST00000396573	715	1465	21	0.476	0.799	0.596	0.036
ENST00000396573	716	1465	21	0.476	0.801	0.595	0.034
ENST00000396573	717	1465	21	0.429	0.789	0.543	0.019
ENST00000396573	718	1465	22	0.409	0.782	0.523	0.013
ENST00000396573	719	1465	25	0.44	0.775	0.568	0.018
ENST00000396573	720	1465	26	0.423	0.772	0.548	0.011
ENST00000396573	721	1465	26	0.423	0.769	0.55	0.012
ENST00000396573	722	1465	27	0.407	0.774	0.526	0.006
ENST00000396573	723	1465	26	0.385	0.774	0.497	0.004
ENST00000396573	724	1465	27	0.407	0.767	0.531	0.008
ENST00000396573	725	1465	26	0.385	0.759	0.506	0.007
ENST00000396573	726	1465	25	0.36	0.757	0.476	0.005
ENST00000396573	727	1465	26	0.385	0.757	0.508	0.007
ENST00000396573	728	1465	26	0.423	0.765	0.553	0.014
ENST00000396573	729	1465	26	0.423	0.765	0.553	0.014
ENST00000396573	730	1465	25	0.44	0.765	0.575	0.023
ENST00000396573	731	1465	24	0.417	0.764	0.545	0.017
ENST00000396573	732	1465	23	0.435	0.76	0.572	0.032
ENST00000396573	733	1465	23	0.435	0.757	0.574	0.034
ENST00000396573	734	1465	24	0.417	0.757	0.55	0.021
ENST00000396573	735	1465	25	0.4	0.754	0.531	0.014
ENST00000396573	736	1465	26	0.423	0.757	0.559	0.017
ENST00000396573	737	1465	26	0.423	0.758	0.558	0.017
ENST00000396573	738	1465	24	0.375	0.758	0.494	0.008
ENST00000396573	739	1465	23	0.391	0.764	0.512	0.012
ENST00000396573	740	1465	24	0.417	0.761	0.547	0.019
ENST00000396573	741	1465	24	0.458	0.772	0.593	0.032
ENST00000396573	742	1465	24	0.458	0.765	0.599	0.038
ENST00000396573	743	1465	24	0.458	0.765	0.599	0.038
ENST00000396573	744	1465	24	0.417	0.757	0.55	0.021
ENST00000396573	745	1465	23	0.391	0.754	0.519	0.016
ENST00000396573	746	1465	23	0.391	0.754	0.519	0.016
ENST00000396573	747	1465	24	0.375	0.745	0.503	0.012
ENST00000396573	748	1465	23	0.391	0.749	0.522	0.018
ENST00000396573	749	1465	23	0.391	0.749	0.522	0.018
ENST00000396573	750	1465	21	0.381	0.749	0.509	0.021
ENST00000396573	751	1465	20	0.4	0.753	0.531	0.032
ENST00000396573	752	1465	21	0.381	0.752	0.507	0.02
ENST00000396573	753	1465	21	0.429	0.746	0.574	0.051
ENST00000396573	754	1465	21	0.429	0.74	0.579	0.077
ENST00000396573	755	1465	20	0.4	0.74	0.541	0.043
ENST00000396573	756	1465	20	0.4	0.749	0.534	0.035
ENST00000396573	757	1465	21	0.381	0.752	0.507	0.02
ENST00000396573	758	1465	21	0.381	0.748	0.509	0.021
ENST00000396573	759	1465	21	0.333	0.748	0.446	0.008
ENST00000396573	760	1465	24	0.333	0.752	0.443	0.003
ENST00000396573	761	1465	25	0.36	0.753	0.478	0.005
ENST00000396573	762	1465	27	0.37	0.743	0.499	0.006
ENST00000396573	763	1465	27	0.37	0.746	0.496	0.006
ENST00000396573	764	1465	26	0.385	0.749	0.513	0.009
ENST00000396573	765	1465	25	0.4	0.749	0.534	0.015
ENST00000396573	766	1465	23	0.391	0.752	0.52	0.017
ENST00000396573	767	1465	22	0.364	0.759	0.479	0.009
ENST00000396573	768	1465	23	0.391	0.752	0.52	0.017
ENST00000396573	769	1465	23	0.435	0.752	0.578	0.039
ENST00000396573	770	1465	23	0.435	0.754	0.577	0.037
ENST00000396573	771	1465	22	0.409	0.75	0.545	0.029
ENST00000396573	772	1465	21	0.381	0.749	0.509	0.021
ENST00000396573	773	1465	21	0.429	0.76	0.564	0.038
ENST00000396573	774	1465	21	0.429	0.767	0.559	0.033
ENST00000396573	775	1465	20	0.5	0.774	0.646	0.098
ENST00000396573	776	1465	20	0.5	0.77	0.65	0.137
ENST00000396573	777	1465	20	0.5	0.771	0.649	0.136
ENST00000396573	778	1465	19	0.526	0.772	0.682	0.183
ENST00000396573	779	1465	19	0.526	0.764	0.689	0.193
ENST00000396573	780	1465	18	0.556	0.774	0.718	0.246
ENST00000396573	781	1465	18	0.5	0.774	0.646	0.12
ENST00000396573	782	1465	19	0.526	0.767	0.686	0.189
ENST00000396573	783	1465	19	0.526	0.76	0.692	0.198
ENST00000396573	784	1465	19	0.526	0.764	0.689	0.193
ENST00000396573	785	1465	19	0.526	0.771	0.683	0.184
ENST00000396573	786	1465	20	0.5	0.778	0.643	0.091
ENST00000396573	787	1465	22	0.5	0.776	0.644	0.076
ENST00000396573	788	1465	22	0.545	0.776	0.703	0.159
ENST00000396573	789	1465	21	0.524	0.779	0.672	0.142
ENST00000396573	790	1465	22	0.545	0.78	0.699	0.154
ENST00000396573	791	1465	19	0.579	0.783	0.74	0.256
ENST00000396573	792	1465	19	0.526	0.775	0.679	0.18
ENST00000396573	793	1465	16	0.562	0.79	0.712	0.281
ENST00000396573	794	1465	16	0.562	0.798	0.705	0.201
ENST00000396573	795	1465	16	0.562	0.802	0.701	0.19
ENST00000396573	796	1465	17	0.588	0.809	0.727	0.207
ENST00000396573	797	1465	18	0.556	0.799	0.696	0.156
ENST00000396573	798	1465	19	0.526	0.799	0.659	0.1
ENST00000396573	799	1465	20	0.5	0.802	0.623	0.057
ENST00000396573	800	1465	19	0.474	0.81	0.585	0.037
ENST00000396573	801	1465	19	0.474	0.81	0.585	0.037
ENST00000396573	802	1465	19	0.474	0.821	0.577	0.028
ENST00000396573	803	1465	21	0.476	0.814	0.585	0.024
ENST00000396573	804	1465	22	0.409	0.803	0.509	0.007
ENST00000396573	805	1465	24	0.458	0.796	0.576	0.017
ENST00000396573	806	1465	24	0.417	0.797	0.523	0.006
ENST00000396573	807	1465	24	0.417	0.807	0.517	0.004
ENST00000396573	808	1465	23	0.435	0.811	0.536	0.008
ENST00000396573	809	1465	24	0.417	0.807	0.516	0.004
ENST00000396573	810	1465	24	0.417	0.811	0.514	0.004
ENST00000396573	811	1465	25	0.4	0.801	0.499	0.003
ENST00000396573	812	1465	25	0.44	0.801	0.549	0.008
ENST00000396573	813	1465	25	0.44	0.812	0.542	0.005
ENST00000396573	814	1465	25	0.44	0.812	0.542	0.005
ENST00000396573	815	1465	24	0.417	0.809	0.515	0.004
ENST00000396573	816	1465	24	0.417	0.81	0.515	0.004
ENST00000396573	817	1465	25	0.48	0.802	0.598	0.019
ENST00000396573	818	1465	24	0.5	0.799	0.626	0.037
ENST00000396573	819	1465	23	0.478	0.792	0.604	0.033
ENST00000396573	820	1465	24	0.458	0.793	0.578	0.019
ENST00000396573	821	1465	24	0.5	0.789	0.634	0.046
ENST00000396573	822	1465	24	0.5	0.792	0.631	0.043
ENST00000396573	823	1465	23	0.522	0.799	0.653	0.061
ENST00000396573	824	1465	26	0.538	0.795	0.677	0.064
ENST00000396573	825	1465	28	0.536	0.788	0.68	0.073
ENST00000396573	826	1465	29	0.517	0.788	0.657	0.038
ENST00000396573	827	1465	28	0.5	0.787	0.636	0.03
ENST00000396573	828	1465	27	0.519	0.8	0.648	0.035
ENST00000396573	829	1465	27	0.519	0.799	0.649	0.035
ENST00000396573	830	1465	25	0.52	0.792	0.657	0.055
ENST00000396573	831	1465	26	0.538	0.784	0.686	0.095
ENST00000396573	832	1465	27	0.519	0.784	0.661	0.069
ENST00000396573	833	1465	28	0.536	0.78	0.687	0.08
ENST00000396573	834	1465	28	0.536	0.787	0.68	0.074
ENST00000396573	835	1465	28	0.571	0.787	0.726	0.117
ENST00000396573	836	1465	29	0.552	0.787	0.701	0.083
ENST00000396573	837	1465	30	0.567	0.78	0.727	0.136
ENST00000396573	838	1465	33	0.576	0.781	0.738	0.117
ENST00000396573	839	1465	33	0.576	0.77	0.748	0.134
ENST00000396573	840	1465	35	0.629	0.781	0.805	0.236
ENST00000396573	841	1465	40	0.625	0.777	0.804	0.22
ENST00000396573	842	1465	42	0.643	0.777	0.827	0.244
ENST00000396573	843	1465	42	0.643	0.777	0.827	0.244
ENST00000396573	844	1465	41	0.634	0.769	0.825	0.291
ENST00000396573	845	1465	41	0.634	0.769	0.825	0.291
ENST00000396573	846	1465	42	0.643	0.776	0.828	0.291
ENST00000396573	847	1465	43	0.651	0.769	0.847	0.314
ENST00000396573	848	1465	41	0.634	0.772	0.821	0.24
ENST00000396573	849	1465	41	0.61	0.776	0.786	0.145
ENST00000396573	850	1465	42	0.619	0.78	0.794	0.182
ENST00000396573	851	1465	42	0.619	0.772	0.801	0.191
ENST00000396573	852	1465	44	0.614	0.772	0.794	0.161
ENST00000396573	853	1465	44	0.614	0.769	0.798	0.168
ENST00000396573	854	1465	46	0.609	0.77	0.791	0.141
ENST00000396573	855	1465	43	0.605	0.769	0.787	0.157
ENST00000396573	856	1465	41	0.61	0.772	0.789	0.182
ENST00000396573	857	1465	41	0.61	0.772	0.789	0.182
ENST00000396573	858	1465	41	0.61	0.766	0.796	0.191
ENST00000396573	859	1465	41	0.61	0.756	0.806	0.246
ENST00000396573	860	1465	41	0.61	0.757	0.805	0.245
ENST00000396573	861	1465	45	0.644	0.765	0.843	0.322
ENST00000396573	862	1465	44	0.636	0.771	0.825	0.255
ENST00000396573	863	1465	44	0.659	0.77	0.856	0.374
ENST00000396573	864	1465	44	0.659	0.77	0.856	0.374
ENST00000396573	865	1465	43	0.674	0.77	0.876	0.441
ENST00000396573	866	1465	41	0.683	0.776	0.88	0.491
ENST00000396573	867	1465	39	0.692	0.776	0.892	0.56
ENST00000396573	868	1465	39	0.692	0.776	0.892	0.56
ENST00000396573	869	1465	39	0.692	0.777	0.891	0.559
ENST00000396573	870	1465	40	0.7	0.784	0.892	0.559
ENST00000396573	871	1465	38	0.658	0.784	0.839	0.317
ENST00000396573	872	1465	35	0.629	0.784	0.801	0.229
ENST00000396573	873	1465	35	0.6	0.784	0.765	0.135
ENST00000396573	874	1465	35	0.6	0.784	0.766	0.137
ENST00000396573	875	1465	37	0.568	0.781	0.727	0.077
ENST00000396573	876	1465	37	0.568	0.787	0.721	0.073
ENST00000396573	877	1465	37	0.568	0.787	0.721	0.073
ENST00000396573	878	1465	36	0.556	0.795	0.699	0.041
ENST00000396573	879	1465	40	0.6	0.802	0.748	0.077
ENST00000396573	880	1465	39	0.615	0.797	0.772	0.111
ENST00000396573	881	1465	39	0.615	0.8	0.769	0.106
ENST00000396573	882	1465	39	0.641	0.8	0.801	0.188
ENST00000396573	883	1465	36	0.611	0.796	0.768	0.127
ENST00000396573	884	1465	40	0.6	0.787	0.763	0.097
ENST00000396573	885	1465	38	0.605	0.777	0.779	0.159
ENST00000396573	886	1465	39	0.615	0.771	0.798	0.218
ENST00000396573	887	1465	39	0.615	0.774	0.795	0.216
ENST00000396573	888	1465	38	0.632	0.774	0.816	0.264
ENST00000396573	889	1465	40	0.625	0.778	0.803	0.219
ENST00000396573	890	1465	41	0.634	0.778	0.815	0.228
ENST00000396573	891	1465	42	0.643	0.778	0.826	0.241
ENST00000396573	892	1465	40	0.625	0.786	0.795	0.167
ENST00000396573	893	1465	40	0.625	0.779	0.802	0.218
ENST00000396573	894	1465	40	0.625	0.78	0.801	0.217
ENST00000396573	895	1465	42	0.643	0.784	0.82	0.228
ENST00000396573	896	1465	44	0.636	0.785	0.81	0.191
ENST00000396573	897	1465	46	0.63	0.779	0.81	0.172
ENST00000396573	898	1465	45	0.622	0.777	0.801	0.164
ENST00000396573	899	1465	43	0.628	0.78	0.805	0.19
ENST00000396573	900	1465	42	0.643	0.784	0.82	0.23
ENST00000396573	901	1465	43	0.651	0.784	0.831	0.242
ENST00000396573	902	1465	43	0.674	0.774	0.871	0.433
ENST00000396573	903	1465	42	0.714	0.778	0.918	0.66
ENST00000396573	904	1465	39	0.744	0.785	0.947	0.817
ENST00000396573	905	1465	39	0.718	0.789	0.91	0.636
ENST00000396573	906	1465	38	0.763	0.789	0.968	0.895
ENST00000396573	907	1465	40	0.775	0.782	0.991	0.965
ENST00000396573	908	1465	40	0.75	0.782	0.959	0.826
ENST00000396573	909	1465	41	0.756	0.782	0.967	0.902
ENST00000396573	910	1465	37	0.73	0.774	0.942	0.815
ENST00000396573	911	1465	38	0.711	0.779	0.912	0.639
ENST00000396573	912	1465	39	0.718	0.775	0.926	0.735
ENST00000396573	913	1465	39	0.692	0.775	0.893	0.56
ENST00000396573	914	1465	39	0.718	0.775	0.926	0.735
ENST00000396573	915	1465	36	0.722	0.779	0.927	0.719
ENST00000396573	916	1465	38	0.737	0.784	0.939	0.73
ENST00000396573	917	1465	39	0.744	0.796	0.935	0.723
ENST00000396573	918	1465	41	0.756	0.796	0.95	0.818
ENST00000396573	919	1465	41	0.756	0.8	0.945	0.734
ENST00000396573	920	1465	40	0.75	0.796	0.942	0.73
ENST00000396573	921	1465	40	0.725	0.795	0.912	0.637
ENST00000396573	922	1465	40	0.75	0.795	0.944	0.733
ENST00000396573	923	1465	39	0.744	0.79	0.941	0.731
ENST00000396573	924	1465	40	0.75	0.79	0.949	0.818
ENST00000396573	925	1465	40	0.75	0.79	0.949	0.818
ENST00000396573	926	1465	38	0.737	0.782	0.942	0.815
ENST00000396573	927	1465	36	0.75	0.786	0.955	0.81
ENST00000396573	928	1465	35	0.771	0.792	0.974	0.965
ENST00000396573	929	1465	35	0.771	0.792	0.974	0.965
ENST00000396573	930	1465	38	0.789	0.796	0.992	0.965
ENST00000396573	931	1465	36	0.778	0.792	0.981	0.965
ENST00000396573	932	1465	34	0.765	0.789	0.97	0.889
ENST00000396573	933	1465	34	0.765	0.79	0.968	0.889
ENST00000396573	934	1465	33	0.758	0.798	0.95	0.792
ENST00000396573	935	1465	33	0.758	0.798	0.95	0.792
ENST00000396573	936	1465	34	0.765	0.795	0.962	0.887
ENST00000396573	937	1465	33	0.758	0.801	0.945	0.788
ENST00000396573	938	1465	31	0.774	0.808	0.958	0.877
ENST00000396573	939	1465	32	0.812	0.808	1.005	1
ENST00000396573	940	1465	34	0.824	0.805	1.024	1
ENST00000396573	941	1465	34	0.824	0.808	1.019	1
ENST00000396573	942	1465	34	0.853	0.801	1.065	0.796
ENST00000396573	943	1465	32	0.844	0.805	1.048	0.965
ENST00000396573	944	1465	34	0.853	0.813	1.049	0.884
ENST00000396573	945	1465	34	0.853	0.824	1.035	0.965
ENST00000396573	946	1465	34	0.853	0.831	1.026	1
ENST00000396573	947	1465	33	0.848	0.835	1.017	1
ENST00000396573	948	1465	32	0.812	0.823	0.987	0.965
ENST00000396573	949	1465	32	0.812	0.823	0.988	0.965
ENST00000396573	950	1465	34	0.794	0.811	0.979	0.965
ENST00000396573	951	1465	33	0.818	0.819	0.999	1
ENST00000396573	952	1465	33	0.848	0.82	1.034	0.965
ENST00000396573	953	1465	31	0.839	0.813	1.032	1
ENST00000396573	954	1465	31	0.839	0.813	1.031	1
ENST00000396573	955	1465	33	0.818	0.81	1.01	1
ENST00000396573	956	1465	32	0.812	0.809	1.004	1
ENST00000396573	957	1465	32	0.781	0.813	0.961	0.879
ENST00000396573	958	1465	32	0.781	0.809	0.966	0.881
ENST00000396573	959	1465	31	0.774	0.81	0.955	0.876
ENST00000396573	960	1465	31	0.774	0.812	0.954	0.876
ENST00000396573	961	1465	29	0.759	0.812	0.934	0.76
ENST00000396573	962	1465	30	0.767	0.812	0.944	0.77
ENST00000396573	963	1465	32	0.781	0.814	0.96	0.878
ENST00000396573	964	1465	32	0.75	0.814	0.921	0.669
ENST00000396573	965	1465	32	0.75	0.814	0.921	0.669
ENST00000396573	966	1465	33	0.758	0.814	0.931	0.681
ENST00000396573	967	1465	32	0.781	0.813	0.96	0.878
ENST00000396573	968	1465	33	0.758	0.813	0.931	0.682
ENST00000396573	969	1465	33	0.758	0.814	0.931	0.681
ENST00000396573	970	1465	32	0.75	0.807	0.93	0.683
ENST00000396573	971	1465	30	0.733	0.803	0.913	0.665
ENST00000396573	972	1465	33	0.727	0.796	0.914	0.689
ENST00000396573	973	1465	32	0.719	0.796	0.903	0.588
ENST00000396573	974	1465	34	0.706	0.796	0.886	0.509
ENST00000396573	975	1465	31	0.71	0.796	0.892	0.576
ENST00000396573	976	1465	31	0.677	0.784	0.864	0.49
ENST00000396573	977	1465	30	0.7	0.784	0.892	0.581
ENST00000396573	978	1465	29	0.69	0.778	0.887	0.577
ENST00000396573	979	1465	28	0.714	0.785	0.91	0.667
ENST00000396573	980	1465	31	0.645	0.779	0.829	0.336
ENST00000396573	981	1465	29	0.655	0.779	0.841	0.396
ENST00000396573	982	1465	30	0.667	0.778	0.857	0.487
ENST00000396573	983	1465	30	0.667	0.778	0.857	0.487
ENST00000396573	984	1465	34	0.647	0.778	0.832	0.359
ENST00000396573	985	1465	34	0.647	0.77	0.84	0.37
ENST00000396573	986	1465	32	0.625	0.781	0.8	0.265
ENST00000396573	987	1465	35	0.657	0.775	0.848	0.376
ENST00000396573	988	1465	34	0.676	0.775	0.873	0.525
ENST00000396573	989	1465	33	0.667	0.768	0.869	0.523
ENST00000396573	990	1465	34	0.676	0.767	0.882	0.535
ENST00000396573	991	1465	36	0.667	0.767	0.87	0.466
ENST00000396573	992	1465	35	0.657	0.767	0.857	0.455
ENST00000396573	993	1465	36	0.639	0.759	0.841	0.393
ENST00000396573	994	1465	34	0.618	0.756	0.816	0.312
ENST00000396573	995	1465	37	0.622	0.756	0.822	0.333
ENST00000396573	996	1465	40	0.625	0.745	0.838	0.368
ENST00000396573	997	1465	40	0.625	0.745	0.838	0.368
ENST00000396573	998	1465	42	0.571	0.743	0.769	0.17
ENST00000396573	999	1465	42	0.595	0.745	0.799	0.216
ENST00000396573	1000	1465	41	0.585	0.744	0.786	0.206
ENST00000396573	1001	1465	40	0.575	0.751	0.766	0.152
ENST00000396573	1002	1465	40	0.55	0.751	0.732	0.089
ENST00000396573	1003	1465	38	0.553	0.751	0.736	0.106
ENST00000396573	1004	1465	38	0.553	0.758	0.729	0.098
ENST00000396573	1005	1465	36	0.556	0.751	0.74	0.126
ENST00000396573	1006	1465	38	0.579	0.748	0.774	0.183
ENST00000396573	1007	1465	39	0.615	0.748	0.823	0.299
ENST00000396573	1008	1465	41	0.61	0.747	0.816	0.261
ENST00000396573	1009	1465	41	0.61	0.755	0.808	0.248
ENST00000396573	1010	1465	43	0.605	0.745	0.811	0.269
ENST00000396573	1011	1465	38	0.632	0.742	0.852	0.426
ENST00000396573	1012	1465	40	0.625	0.742	0.843	0.373
ENST00000396573	1013	1465	40	0.625	0.742	0.843	0.373
ENST00000396573	1014	1465	40	0.625	0.749	0.834	0.364
ENST00000396573	1015	1465	36	0.639	0.749	0.853	0.411
ENST00000396573	1016	1465	36	0.639	0.749	0.853	0.411
ENST00000396573	1017	1465	35	0.657	0.742	0.886	0.563
ENST00000396573	1018	1465	33	0.606	0.748	0.81	0.311
ENST00000396573	1019	1465	33	0.606	0.745	0.813	0.316
ENST00000396573	1020	1465	34	0.618	0.753	0.82	0.319
ENST00000396573	1021	1465	33	0.606	0.753	0.805	0.304
ENST00000396573	1022	1465	31	0.613	0.753	0.814	0.355
ENST00000396573	1023	1465	32	0.594	0.745	0.797	0.3
ENST00000396573	1024	1465	30	0.6	0.745	0.805	0.35
ENST00000396573	1025	1465	32	0.625	0.749	0.834	0.378
ENST00000396573	1026	1465	31	0.645	0.757	0.853	0.441
ENST00000396573	1027	1465	29	0.655	0.764	0.858	0.492
ENST00000396573	1028	1465	29	0.621	0.757	0.819	0.408
ENST00000396573	1029	1465	26	0.692	0.769	0.901	0.663
ENST00000396573	1030	1465	26	0.692	0.759	0.912	0.771
ENST00000396573	1031	1465	29	0.69	0.749	0.921	0.791
ENST00000396573	1032	1465	30	0.7	0.749	0.934	0.798
ENST00000396573	1033	1465	30	0.733	0.756	0.969	0.965
ENST00000396573	1034	1465	29	0.724	0.756	0.957	0.886
ENST00000396573	1035	1465	30	0.7	0.753	0.93	0.795
ENST00000396573	1036	1465	31	0.71	0.758	0.936	0.799
ENST00000396573	1037	1465	29	0.69	0.755	0.914	0.697
ENST00000396573	1038	1465	27	0.667	0.755	0.883	0.585
ENST00000396573	1039	1465	25	0.68	0.755	0.901	0.668
ENST00000396573	1040	1465	28	0.714	0.754	0.948	0.883
ENST00000396573	1041	1465	28	0.75	0.767	0.978	0.965
ENST00000396573	1042	1465	29	0.759	0.77	0.985	0.965
ENST00000396573	1043	1465	28	0.786	0.778	1.01	1
ENST00000396573	1044	1465	28	0.786	0.771	1.019	1
ENST00000396573	1045	1465	28	0.786	0.771	1.019	1
ENST00000396573	1046	1465	29	0.793	0.775	1.023	1
ENST00000396573	1047	1465	28	0.786	0.773	1.016	1
ENST00000396573	1048	1465	28	0.786	0.78	1.008	1
ENST00000396573	1049	1465	31	0.806	0.773	1.043	0.965
ENST00000396573	1050	1465	33	0.818	0.768	1.066	0.89
ENST00000396573	1051	1465	32	0.812	0.768	1.058	0.889
ENST00000396573	1052	1465	32	0.812	0.757	1.073	0.807
ENST00000396573	1053	1465	32	0.812	0.757	1.073	0.807
ENST00000396573	1054	1465	35	0.771	0.757	1.018	1
ENST00000396573	1055	1465	36	0.778	0.764	1.018	1
ENST00000396573	1056	1465	34	0.765	0.765	1	1
ENST00000396573	1057	1465	33	0.758	0.761	0.995	1
ENST00000396573	1058	1465	32	0.75	0.764	0.982	0.965
ENST00000396573	1059	1465	31	0.774	0.764	1.013	1
ENST00000396573	1060	1465	32	0.781	0.764	1.023	1
ENST00000396573	1061	1465	34	0.794	0.772	1.029	1
ENST00000396573	1062	1465	34	0.824	0.783	1.052	0.89
ENST00000396573	1063	1465	33	0.818	0.783	1.045	0.965
ENST00000396573	1064	1465	32	0.812	0.783	1.038	0.965
ENST00000396573	1065	1465	33	0.818	0.79	1.035	0.965
ENST00000396573	1066	1465	33	0.848	0.793	1.07	0.795
ENST00000396573	1067	1465	34	0.794	0.787	1.009	1
ENST00000396573	1068	1465	36	0.806	0.794	1.015	1
ENST00000396573	1069	1465	37	0.811	0.801	1.012	1
ENST00000396573	1070	1465	38	0.789	0.802	0.984	0.965
ENST00000396573	1071	1465	36	0.75	0.803	0.934	0.705
ENST00000396573	1072	1465	34	0.735	0.799	0.921	0.694
ENST00000396573	1073	1465	34	0.735	0.802	0.917	0.69
ENST00000396573	1074	1465	34	0.735	0.793	0.927	0.7
ENST00000396573	1075	1465	34	0.735	0.793	0.927	0.7
ENST00000396573	1076	1465	34	0.735	0.786	0.936	0.798
ENST00000396573	1077	1465	34	0.706	0.782	0.903	0.612
ENST00000396573	1078	1465	34	0.706	0.79	0.893	0.522
ENST00000396573	1079	1465	34	0.706	0.789	0.894	0.604
ENST00000396573	1080	1465	30	0.7	0.789	0.887	0.573
ENST00000396573	1081	1465	30	0.7	0.798	0.877	0.479
ENST00000396573	1082	1465	31	0.71	0.798	0.89	0.573
ENST00000396573	1083	1465	32	0.719	0.808	0.889	0.57
ENST00000396573	1084	1465	32	0.719	0.816	0.881	0.469
ENST00000396573	1085	1465	30	0.8	0.823	0.972	0.965
ENST00000396573	1086	1465	30	0.767	0.816	0.94	0.764
ENST00000396573	1087	1465	31	0.774	0.815	0.95	0.774
ENST00000396573	1088	1465	32	0.781	0.811	0.963	0.88
ENST00000396573	1089	1465	33	0.788	0.805	0.979	0.965
ENST00000396573	1090	1465	34	0.765	0.811	0.943	0.785
ENST00000396573	1091	1465	34	0.765	0.799	0.957	0.886
ENST00000396573	1092	1465	31	0.742	0.798	0.929	0.778
ENST00000396573	1093	1465	28	0.714	0.791	0.903	0.659
ENST00000396573	1094	1465	28	0.714	0.791	0.903	0.659
ENST00000396573	1095	1465	28	0.714	0.782	0.914	0.673
ENST00000396573	1096	1465	30	0.733	0.782	0.938	0.785
ENST00000396573	1097	1465	30	0.733	0.775	0.946	0.883
ENST00000396573	1098	1465	29	0.793	0.775	1.024	1
ENST00000396573	1099	1465	27	0.778	0.771	1.009	1
ENST00000396573	1100	1465	28	0.786	0.771	1.019	1
ENST00000396573	1101	1465	28	0.786	0.77	1.02	1
ENST00000396573	1102	1465	28	0.821	0.766	1.072	0.881
ENST00000396573	1103	1465	28	0.821	0.765	1.073	0.881
ENST00000396573	1104	1465	28	0.786	0.762	1.032	1
ENST00000396573	1105	1465	27	0.778	0.767	1.014	1
ENST00000396573	1106	1465	29	0.793	0.775	1.024	1
ENST00000396573	1107	1465	31	0.774	0.775	0.999	1
ENST00000396573	1108	1465	32	0.812	0.782	1.04	0.965
ENST00000396573	1109	1465	32	0.812	0.782	1.04	0.965
ENST00000396573	1110	1465	34	0.794	0.782	1.015	1
ENST00000396573	1111	1465	37	0.784	0.782	1.002	1
ENST00000396573	1112	1465	36	0.75	0.776	0.967	0.895
ENST00000396573	1113	1465	35	0.743	0.776	0.958	0.892
ENST00000396573	1114	1465	35	0.743	0.777	0.957	0.892
ENST00000396573	1115	1465	35	0.743	0.771	0.964	0.894
ENST00000396573	1116	1465	35	0.743	0.772	0.962	0.893
ENST00000396573	1117	1465	35	0.771	0.772	0.999	1
ENST00000396573	1118	1465	35	0.771	0.765	1.008	1
ENST00000396573	1119	1465	33	0.788	0.772	1.021	1
ENST00000396573	1120	1465	32	0.781	0.779	1.002	1
ENST00000396573	1121	1465	31	0.806	0.774	1.042	0.965
ENST00000396573	1122	1465	32	0.812	0.784	1.036	0.965
ENST00000396573	1123	1465	32	0.812	0.785	1.035	0.965
ENST00000396573	1124	1465	34	0.794	0.785	1.012	1
ENST00000396573	1125	1465	35	0.8	0.778	1.028	1
ENST00000396573	1126	1465	38	0.737	0.776	0.949	0.819
ENST00000396573	1127	1465	37	0.676	0.769	0.879	0.478
ENST00000396573	1128	1465	37	0.676	0.775	0.872	0.465
ENST00000396573	1129	1465	38	0.658	0.783	0.84	0.32
ENST00000396573	1130	1465	40	0.675	0.78	0.866	0.407
ENST00000396573	1131	1465	39	0.667	0.78	0.855	0.397
ENST00000396573	1132	1465	38	0.684	0.781	0.876	0.467
ENST00000396573	1133	1465	41	0.683	0.777	0.879	0.49
ENST00000396573	1134	1465	41	0.683	0.779	0.877	0.489
ENST00000396573	1135	1465	40	0.7	0.779	0.899	0.565
ENST00000396573	1136	1465	42	0.69	0.781	0.884	0.494
ENST00000396573	1137	1465	41	0.659	0.78	0.844	0.343
ENST00000396573	1138	1465	38	0.658	0.787	0.836	0.312
ENST00000396573	1139	1465	36	0.639	0.781	0.818	0.252
ENST00000396573	1140	1465	37	0.649	0.781	0.83	0.31
ENST00000396573	1141	1465	37	0.676	0.781	0.865	0.457
ENST00000396573	1142	1465	35	0.686	0.789	0.869	0.439
ENST00000396573	1143	1465	34	0.706	0.796	0.886	0.509
ENST00000396573	1144	1465	37	0.73	0.789	0.925	0.716
ENST00000396573	1145	1465	37	0.73	0.788	0.926	0.717
ENST00000396573	1146	1465	39	0.692	0.786	0.881	0.47
ENST00000396573	1147	1465	39	0.692	0.786	0.881	0.47
ENST00000396573	1148	1465	39	0.667	0.786	0.848	0.326
ENST00000396573	1149	1465	38	0.658	0.786	0.837	0.314
ENST00000396573	1150	1465	37	0.649	0.776	0.836	0.32
ENST00000396573	1151	1465	37	0.649	0.768	0.844	0.392
ENST00000396573	1152	1465	37	0.649	0.779	0.832	0.313
ENST00000396573	1153	1465	36	0.639	0.78	0.819	0.303
ENST00000396573	1154	1465	39	0.641	0.769	0.833	0.338
ENST00000396573	1155	1465	38	0.658	0.777	0.847	0.334
ENST00000396573	1156	1465	38	0.658	0.777	0.847	0.334
ENST00000396573	1157	1465	36	0.722	0.783	0.922	0.715
ENST00000396573	1158	1465	35	0.771	0.79	0.976	0.965
ENST00000396573	1159	1465	36	0.75	0.791	0.948	0.805
ENST00000396573	1160	1465	35	0.771	0.79	0.976	0.965
ENST00000396573	1161	1465	33	0.758	0.797	0.95	0.793
ENST00000396573	1162	1465	35	0.714	0.79	0.905	0.611
ENST00000396573	1163	1465	36	0.722	0.782	0.923	0.715
ENST00000396573	1164	1465	34	0.735	0.782	0.94	0.8
ENST00000396573	1165	1465	36	0.75	0.782	0.959	0.893
ENST00000396573	1166	1465	37	0.73	0.79	0.924	0.716
ENST00000396573	1167	1465	38	0.737	0.791	0.931	0.721
ENST00000396573	1168	1465	36	0.75	0.791	0.948	0.805
ENST00000396573	1169	1465	38	0.737	0.79	0.933	0.722
ENST00000396573	1170	1465	38	0.737	0.796	0.925	0.716
ENST00000396573	1171	1465	39	0.718	0.789	0.91	0.636
ENST00000396573	1172	1465	38	0.684	0.788	0.868	0.458
ENST00000396573	1173	1465	38	0.684	0.781	0.876	0.467
ENST00000396573	1174	1465	39	0.667	0.78	0.855	0.397
ENST00000396573	1175	1465	37	0.649	0.787	0.824	0.252
ENST00000396573	1176	1465	37	0.649	0.788	0.823	0.25
ENST00000396573	1177	1465	38	0.658	0.788	0.835	0.311
ENST00000396573	1178	1465	39	0.641	0.784	0.818	0.261
ENST00000396573	1179	1465	39	0.667	0.79	0.844	0.318
ENST00000396573	1180	1465	40	0.675	0.798	0.846	0.316
ENST00000396573	1181	1465	41	0.659	0.808	0.815	0.194
ENST00000396573	1182	1465	42	0.643	0.808	0.795	0.122
ENST00000396573	1183	1465	43	0.628	0.797	0.788	0.131
ENST00000396573	1184	1465	43	0.605	0.789	0.766	0.103
ENST00000396573	1185	1465	42	0.619	0.801	0.773	0.093
ENST00000396573	1186	1465	43	0.628	0.801	0.784	0.128
ENST00000396573	1187	1465	42	0.619	0.808	0.767	0.083
ENST00000396573	1188	1465	43	0.605	0.805	0.752	0.064
ENST00000396573	1189	1465	43	0.581	0.805	0.723	0.031
ENST00000396573	1190	1465	41	0.585	0.804	0.728	0.04
ENST00000396573	1191	1465	42	0.571	0.792	0.721	0.047
ENST00000396573	1192	1465	43	0.581	0.792	0.734	0.052
ENST00000396573	1193	1465	44	0.591	0.788	0.75	0.062
ENST00000396573	1194	1465	43	0.581	0.795	0.732	0.05
ENST00000396573	1195	1465	42	0.548	0.802	0.683	0.017
ENST00000396573	1196	1465	40	0.525	0.795	0.661	0.011
ENST00000396573	1197	1465	41	0.537	0.787	0.682	0.02
ENST00000396573	1198	1465	39	0.538	0.787	0.684	0.026
ENST00000396573	1199	1465	41	0.537	0.787	0.682	0.02
ENST00000396573	1200	1465	39	0.538	0.784	0.687	0.028
ENST00000396573	1201	1465	41	0.561	0.785	0.715	0.048
ENST00000396573	1202	1465	39	0.564	0.792	0.713	0.04
ENST00000396573	1203	1465	38	0.579	0.786	0.737	0.08
ENST00000396573	1204	1465	38	0.553	0.786	0.703	0.04
ENST00000396573	1205	1465	38	0.553	0.787	0.703	0.039
ENST00000396573	1206	1465	38	0.553	0.79	0.699	0.035
ENST00000396573	1207	1465	39	0.564	0.783	0.721	0.061
ENST00000396573	1208	1465	40	0.6	0.783	0.767	0.125
ENST00000396573	1209	1465	37	0.595	0.786	0.757	0.108
ENST00000396573	1210	1465	36	0.583	0.777	0.75	0.11
ENST00000396573	1211	1465	38	0.579	0.77	0.752	0.123
ENST00000396573	1212	1465	39	0.59	0.771	0.765	0.131
ENST00000396573	1213	1465	39	0.615	0.778	0.791	0.17
ENST00000396573	1214	1465	40	0.65	0.778	0.835	0.282
ENST00000396573	1215	1465	39	0.667	0.789	0.844	0.319
ENST00000396573	1216	1465	38	0.632	0.786	0.804	0.201
ENST00000396573	1217	1465	36	0.611	0.778	0.785	0.189
ENST00000396573	1218	1465	37	0.622	0.772	0.806	0.257
ENST00000396573	1219	1465	37	0.622	0.779	0.798	0.201
ENST00000396573	1220	1465	36	0.639	0.778	0.821	0.305
ENST00000396573	1221	1465	37	0.622	0.778	0.799	0.203
ENST00000396573	1222	1465	36	0.639	0.79	0.808	0.231
ENST00000396573	1223	1465	35	0.629	0.784	0.801	0.229
ENST00000396573	1224	1465	31	0.645	0.795	0.812	0.254
ENST00000396573	1225	1465	32	0.625	0.784	0.797	0.262
ENST00000396573	1226	1465	34	0.647	0.773	0.837	0.365
ENST00000396573	1227	1465	36	0.667	0.784	0.85	0.372
ENST00000396573	1228	1465	36	0.694	0.784	0.885	0.532
ENST00000396573	1229	1465	35	0.686	0.784	0.874	0.449
ENST00000396573	1230	1465	33	0.697	0.778	0.896	0.607
ENST00000396573	1231	1465	35	0.686	0.781	0.878	0.527
ENST00000396573	1232	1465	34	0.647	0.781	0.829	0.298
ENST00000396573	1233	1465	34	0.647	0.778	0.832	0.359
ENST00000396573	1234	1465	36	0.667	0.785	0.849	0.37
ENST00000396573	1235	1465	35	0.686	0.792	0.866	0.434
ENST00000396573	1236	1465	34	0.706	0.792	0.891	0.519
ENST00000396573	1237	1465	34	0.706	0.787	0.897	0.605
ENST00000396573	1238	1465	32	0.688	0.799	0.861	0.405
ENST00000396573	1239	1465	28	0.679	0.799	0.85	0.447
ENST00000396573	1240	1465	28	0.679	0.799	0.849	0.446
ENST00000396573	1241	1465	29	0.69	0.807	0.854	0.447
ENST00000396573	1242	1465	27	0.667	0.807	0.826	0.336
ENST00000396573	1243	1465	26	0.692	0.8	0.865	0.525
ENST00000396573	1244	1465	25	0.68	0.8	0.85	0.425
ENST00000396573	1245	1465	23	0.652	0.8	0.815	0.385
ENST00000396573	1246	1465	23	0.652	0.789	0.827	0.404
ENST00000396573	1247	1465	24	0.667	0.785	0.849	0.519
ENST00000396573	1248	1465	25	0.68	0.785	0.866	0.532
ENST00000396573	1249	1465	24	0.667	0.792	0.842	0.422
ENST00000396573	1250	1465	24	0.667	0.791	0.843	0.424
ENST00000396573	1251	1465	27	0.667	0.784	0.85	0.454
ENST00000396573	1252	1465	26	0.692	0.784	0.884	0.554
ENST00000396573	1253	1465	27	0.704	0.783	0.899	0.658
ENST00000396573	1254	1465	27	0.704	0.789	0.891	0.652
ENST00000396573	1255	1465	28	0.714	0.79	0.904	0.66
ENST00000396573	1256	1465	27	0.741	0.804	0.922	0.752
ENST00000396573	1257	1465	25	0.76	0.808	0.941	0.854
ENST00000396573	1258	1465	25	0.76	0.803	0.946	0.857
ENST00000396573	1259	1465	23	0.739	0.811	0.912	0.718
ENST00000396573	1260	1465	23	0.739	0.811	0.912	0.718
ENST00000396573	1261	1465	26	0.692	0.811	0.854	0.419
ENST00000396573	1262	1465	26	0.731	0.805	0.908	0.638
ENST00000396573	1263	1465	26	0.731	0.804	0.909	0.64
ENST00000396573	1264	1465	26	0.731	0.802	0.911	0.643
ENST00000396573	1265	1465	24	0.708	0.802	0.884	0.614
ENST00000396573	1266	1465	25	0.72	0.802	0.898	0.628
ENST00000396573	1267	1465	26	0.731	0.802	0.912	0.644
ENST00000396573	1268	1465	25	0.72	0.802	0.898	0.628
ENST00000396573	1269	1465	27	0.704	0.786	0.895	0.655
ENST00000396573	1270	1465	29	0.724	0.79	0.917	0.673
ENST00000396573	1271	1465	29	0.724	0.787	0.92	0.678
ENST00000396573	1272	1465	29	0.69	0.788	0.875	0.565
ENST00000396573	1273	1465	30	0.733	0.788	0.931	0.779
ENST00000396573	1274	1465	29	0.724	0.795	0.911	0.665
ENST00000396573	1275	1465	30	0.733	0.795	0.923	0.678
ENST00000396573	1276	1465	31	0.742	0.795	0.934	0.78
ENST00000396573	1277	1465	33	0.727	0.801	0.908	0.593
ENST00000396573	1278	1465	34	0.765	0.808	0.946	0.787
ENST00000396573	1279	1465	34	0.765	0.816	0.937	0.781
ENST00000396573	1280	1465	36	0.778	0.813	0.957	0.796
ENST00000396573	1281	1465	34	0.794	0.806	0.985	0.965
ENST00000396573	1282	1465	33	0.818	0.814	1.006	1
ENST00000396573	1283	1465	34	0.824	0.814	1.011	1
ENST00000396573	1284	1465	32	0.812	0.808	1.006	1
ENST00000396573	1285	1465	34	0.824	0.805	1.024	1
ENST00000396573	1286	1465	34	0.824	0.804	1.025	1
ENST00000396573	1287	1465	34	0.824	0.79	1.042	0.965
ENST00000396573	1288	1465	35	0.8	0.798	1.003	1
ENST00000396573	1289	1465	34	0.794	0.791	1.004	1
ENST00000396573	1290	1465	36	0.778	0.791	0.983	0.965
ENST00000396573	1291	1465	38	0.789	0.787	1.003	1
ENST00000396573	1292	1465	37	0.838	0.787	1.064	0.812
ENST00000396573	1293	1465	35	0.829	0.787	1.052	0.891
ENST00000396573	1294	1465	35	0.857	0.777	1.103	0.626
ENST00000396573	1295	1465	36	0.861	0.782	1.101	0.627
ENST00000396573	1296	1465	37	0.865	0.779	1.11	0.553
ENST00000396573	1297	1465	37	0.865	0.78	1.108	0.631
ENST00000396573	1298	1465	37	0.865	0.773	1.119	0.551
ENST00000396573	1299	1465	37	0.865	0.773	1.119	0.551
ENST00000396573	1300	1465	37	0.892	0.784	1.138	0.456
ENST00000396573	1301	1465	35	0.886	0.784	1.13	0.525
ENST00000396573	1302	1465	35	0.886	0.787	1.126	0.524
ENST00000396573	1303	1465	37	0.919	0.776	1.185	0.254
ENST00000396573	1304	1465	35	0.914	0.776	1.179	0.3
ENST00000396573	1305	1465	35	0.914	0.766	1.194	0.248
ENST00000396573	1306	1465	35	0.914	0.765	1.196	0.248
ENST00000396573	1307	1465	34	0.912	0.764	1.194	0.246
ENST00000396573	1308	1465	32	0.938	0.766	1.225	0.17
ENST00000396573	1309	1465	29	0.931	0.766	1.216	0.252
ENST00000396573	1310	1465	29	0.897	0.764	1.174	0.405
ENST00000396573	1311	1465	28	0.893	0.76	1.175	0.401
ENST00000396573	1312	1465	29	0.897	0.768	1.168	0.405
ENST00000396573	1313	1465	27	0.889	0.756	1.175	0.4
ENST00000396573	1314	1465	27	0.889	0.757	1.174	0.475
ENST00000396573	1315	1465	28	0.893	0.765	1.168	0.404
ENST00000396573	1316	1465	26	0.885	0.761	1.162	0.47
ENST00000396573	1317	1465	26	0.846	0.755	1.121	0.672
ENST00000396573	1318	1465	26	0.846	0.756	1.119	0.672
ENST00000396573	1319	1465	25	0.88	0.756	1.163	0.554
ENST00000396573	1320	1465	25	0.88	0.763	1.153	0.551
ENST00000396573	1321	1465	24	0.917	0.756	1.213	0.354
ENST00000396573	1322	1465	25	0.8	0.751	1.065	0.965
ENST00000396573	1323	1465	24	0.792	0.751	1.054	0.965
ENST00000396573	1324	1465	26	0.769	0.757	1.016	1
ENST00000396573	1325	1465	27	0.778	0.768	1.013	1
ENST00000396573	1326	1465	29	0.759	0.768	0.988	0.965
ENST00000396573	1327	1465	29	0.724	0.764	0.948	0.883
ENST00000396573	1328	1465	29	0.724	0.757	0.957	0.886
ENST00000396573	1329	1465	29	0.724	0.764	0.948	0.883
ENST00000396573	1330	1465	29	0.724	0.757	0.956	0.885
ENST00000396573	1331	1465	28	0.679	0.757	0.897	0.682
ENST00000396573	1332	1465	28	0.679	0.753	0.901	0.686
ENST00000396573	1333	1465	30	0.633	0.743	0.853	0.517
ENST00000396573	1334	1465	28	0.571	0.753	0.759	0.252
ENST00000396573	1335	1465	28	0.571	0.76	0.752	0.193
ENST00000396573	1336	1465	28	0.571	0.772	0.741	0.175
ENST00000396573	1337	1465	28	0.571	0.772	0.741	0.175
ENST00000396573	1338	1465	30	0.6	0.776	0.773	0.199
ENST00000396573	1339	1465	31	0.613	0.776	0.79	0.261
ENST00000396573	1340	1465	31	0.613	0.775	0.791	0.262
ENST00000396573	1341	1465	30	0.633	0.77	0.823	0.337
ENST00000396573	1342	1465	30	0.633	0.77	0.823	0.337
ENST00000396573	1343	1465	29	0.621	0.765	0.811	0.327
ENST00000396573	1344	1465	31	0.645	0.769	0.839	0.419
ENST00000396573	1345	1465	30	0.633	0.769	0.824	0.339
ENST00000396573	1346	1465	30	0.633	0.769	0.824	0.339
ENST00000396573	1347	1465	32	0.625	0.769	0.813	0.289
ENST00000396573	1348	1465	33	0.636	0.769	0.828	0.359
ENST00000396573	1349	1465	33	0.636	0.778	0.818	0.286
ENST00000396573	1350	1465	33	0.636	0.778	0.818	0.286
ENST00000396573	1351	1465	33	0.636	0.771	0.825	0.356
ENST00000396573	1352	1465	32	0.625	0.779	0.803	0.269
ENST00000396573	1353	1465	29	0.69	0.779	0.885	0.575
ENST00000396573	1354	1465	29	0.655	0.787	0.833	0.381
ENST00000396573	1355	1465	30	0.7	0.78	0.897	0.589
ENST00000396573	1356	1465	28	0.679	0.781	0.869	0.562
ENST00000396573	1357	1465	27	0.704	0.777	0.905	0.665
ENST00000396573	1358	1465	26	0.731	0.785	0.931	0.763
ENST00000396573	1359	1465	25	0.72	0.792	0.909	0.646
ENST00000396573	1360	1465	24	0.708	0.791	0.895	0.629
ENST00000396573	1361	1465	26	0.731	0.791	0.924	0.755
ENST00000396573	1362	1465	27	0.778	0.788	0.988	0.965
ENST00000396573	1363	1465	27	0.778	0.788	0.988	0.965
ENST00000396573	1364	1465	27	0.815	0.795	1.025	1
ENST00000396573	1365	1465	27	0.815	0.788	1.034	1
ENST00000396573	1366	1465	27	0.815	0.784	1.039	0.965
ENST00000396573	1367	1465	30	0.8	0.783	1.022	1
ENST00000396573	1368	1465	30	0.8	0.777	1.03	1
ENST00000396573	1369	1465	30	0.767	0.772	0.993	1
ENST00000396573	1370	1465	29	0.759	0.772	0.983	0.965
ENST00000396573	1371	1465	32	0.75	0.766	0.98	0.965
ENST00000396573	1372	1465	33	0.758	0.771	0.982	0.965
ENST00000396573	1373	1465	34	0.735	0.778	0.945	0.804
ENST00000396573	1374	1465	36	0.722	0.782	0.923	0.715
ENST00000396573	1375	1465	37	0.703	0.781	0.899	0.549
ENST00000396573	1376	1465	37	0.703	0.777	0.904	0.633
ENST00000396573	1377	1465	38	0.684	0.77	0.889	0.559
ENST00000396573	1378	1465	36	0.694	0.77	0.902	0.633
ENST00000396573	1379	1465	35	0.686	0.776	0.884	0.533
ENST00000396573	1380	1465	37	0.676	0.769	0.879	0.478
ENST00000396573	1381	1465	38	0.658	0.761	0.864	0.483
ENST00000396573	1382	1465	38	0.632	0.769	0.822	0.273
ENST00000396573	1383	1465	38	0.632	0.769	0.822	0.273
ENST00000396573	1384	1465	38	0.632	0.776	0.814	0.261
ENST00000396573	1385	1465	37	0.649	0.774	0.838	0.322
ENST00000396573	1386	1465	34	0.618	0.774	0.798	0.233
ENST00000396573	1387	1465	37	0.622	0.763	0.815	0.269
ENST00000396573	1388	1465	38	0.605	0.758	0.798	0.225
ENST00000396573	1389	1465	39	0.59	0.751	0.785	0.192
ENST00000396573	1390	1465	40	0.6	0.746	0.804	0.249
ENST00000396573	1391	1465	41	0.585	0.743	0.787	0.207
ENST00000396573	1392	1465	40	0.575	0.741	0.776	0.201
ENST00000396573	1393	1465	42	0.548	0.739	0.741	0.105
ENST00000396573	1394	1465	43	0.535	0.739	0.724	0.081
ENST00000396573	1395	1465	44	0.545	0.734	0.743	0.116
ENST00000396573	1396	1465	43	0.558	0.739	0.755	0.14
ENST00000396573	1397	1465	45	0.578	0.743	0.777	0.151
ENST00000396573	1398	1465	42	0.571	0.737	0.776	0.176
ENST00000396573	1399	1465	42	0.571	0.74	0.772	0.172
ENST00000396573	1400	1465	41	0.585	0.749	0.781	0.202
ENST00000396573	1401	1465	42	0.595	0.749	0.795	0.21
ENST00000396573	1402	1465	42	0.595	0.745	0.799	0.216
ENST00000396573	1403	1465	41	0.585	0.74	0.791	0.213
ENST00000396573	1404	1465	39	0.59	0.741	0.796	0.245
ENST00000396573	1405	1465	40	0.625	0.741	0.844	0.375
ENST00000396573	1406	1465	38	0.605	0.749	0.808	0.285
ENST00000396573	1407	1465	38	0.605	0.746	0.811	0.289
ENST00000396573	1408	1465	37	0.595	0.752	0.791	0.223
ENST00000396573	1409	1465	37	0.595	0.756	0.787	0.217
ENST00000396573	1410	1465	38	0.605	0.748	0.809	0.286
ENST00000396573	1411	1465	37	0.622	0.755	0.824	0.335
ENST00000396573	1412	1465	35	0.629	0.762	0.825	0.316
ENST00000396573	1413	1465	36	0.667	0.755	0.883	0.557
ENST00000396573	1414	1465	37	0.676	0.758	0.891	0.563
ENST00000396573	1415	1465	38	0.658	0.751	0.876	0.496
ENST00000396573	1416	1465	39	0.641	0.751	0.854	0.425
ENST00000396573	1417	1465	39	0.641	0.751	0.854	0.425
ENST00000396573	1418	1465	38	0.632	0.755	0.837	0.347
ENST00000396573	1419	1465	35	0.629	0.763	0.824	0.315
ENST00000396573	1420	1465	35	0.657	0.77	0.854	0.453
ENST00000396573	1421	1465	35	0.657	0.774	0.849	0.377
ENST00000396573	1422	1465	36	0.667	0.778	0.857	0.384
ENST00000396573	1423	1465	37	0.676	0.791	0.854	0.372
ENST00000396573	1424	1465	33	0.697	0.797	0.874	0.495
ENST00000396573	1425	1465	33	0.727	0.797	0.913	0.688
ENST00000396573	1426	1465	33	0.727	0.798	0.912	0.6
ENST00000396573	1427	1465	35	0.714	0.792	0.902	0.609
ENST00000396573	1428	1465	34	0.676	0.789	0.857	0.426
ENST00000396573	1429	1465	35	0.686	0.789	0.869	0.439
ENST00000396573	1430	1465	35	0.686	0.787	0.871	0.443
ENST00000396573	1431	1465	35	0.657	0.787	0.835	0.299
ENST00000396573	1432	1465	35	0.657	0.78	0.843	0.367
ENST00000396573	1433	1465	34	0.676	0.79	0.856	0.425
ENST00000396573	1434	1465	34	0.676	0.798	0.848	0.344
ENST00000396573	1435	1465	35	0.657	0.798	0.824	0.276
ENST00000396573	1436	1465	34	0.618	0.793	0.779	0.161
ENST00000396573	1437	1465	38	0.632	0.786	0.804	0.201
ENST00000396573	1438	1465	40	0.625	0.786	0.795	0.167
ENST00000396573	1439	1465	39	0.641	0.786	0.816	0.259
ENST00000396573	1440	1465	39	0.641	0.789	0.813	0.209
ENST00000396573	1441	1465	37	0.649	0.796	0.815	0.233
ENST00000396573	1442	1465	37	0.649	0.801	0.81	0.226
ENST00000396573	1443	1465	38	0.632	0.793	0.796	0.188
ENST00000396573	1444	1465	36	0.611	0.801	0.763	0.121
ENST00000396573	1445	1465	39	0.615	0.793	0.776	0.118
ENST00000396573	1446	1465	39	0.641	0.8	0.801	0.188
ENST00000396573	1447	1465	38	0.658	0.794	0.829	0.252
ENST00000396573	1448	1465	39	0.667	0.801	0.832	0.248
ENST00000396573	1449	1465	37	0.676	0.801	0.843	0.296
ENST00000396573	1450	1465	37	0.676	0.798	0.846	0.304
ENST00000396573	1451	1465	36	0.667	0.796	0.838	0.294
ENST00000396573	1452	1465	35	0.657	0.793	0.829	0.286
ENST00000396573	1453	1465	33	0.667	0.789	0.845	0.349
ENST00000396573	1454	1465	31	0.645	0.78	0.827	0.332
ENST00000396573	1455	1465	31	0.645	0.778	0.829	0.338
ENST00000396573	1456	1465	30	0.633	0.783	0.809	0.314
ENST00000396573	1457	1465	27	0.63	0.788	0.799	0.281
ENST00000396573	1458	1465	25	0.64	0.794	0.806	0.327
ENST00000396573	1459	1465	24	0.667	0.794	0.839	0.415
ENST00000396573	1460	1465	23	0.652	0.801	0.814	0.384
ENST00000396573	1461	1465	22	0.636	0.805	0.791	0.283
ENST00000396573	1462	1465	21	0.667	0.8	0.833	0.464
ENST00000396573	1463	1465	20	0.65	0.808	0.804	0.341
ENST00000396573	1464	1465	18	0.611	0.804	0.76	0.302
ENST00000396573	1465	1465	18	0.611	0.798	0.765	0.311