aaNum,x,y,z,mis_pos,syn_pos,mis_AC,syn_AC,MTR,MTR_rank,MTR_centile
34,160.79200744628906,173.58599853515625,175.90499877929688,5,4,0.0,0.0,0.8470588235294118,666.0,0.8242574257425742
35,159.39999389648438,171.4219970703125,178.68499755859375,8,1,0.0,0.0,0.6,412.5,0.510519801980198
36,157.97799682617188,167.8769989013672,178.41299438476562,7,2,0.0,0.0,0.8839285714285714,688.0,0.8514851485148515
37,157.39100646972656,165.50100708007812,181.3419952392578,6,3,0.0,0.0,0.8,636.0,0.7871287128712872
38,157.31300354003906,161.71400451660156,181.3730010986328,6,3,0.0,0.0,0.9545454545454546,729.5,0.9028465346534653
39,155.39300537109375,159.91299438476562,184.1009979248047,9,0,0.0,0.0,0.5,300.5,0.3719059405940594
40,155.83999633789062,156.17999267578125,184.48199462890625,5,4,1.0,0.0,1.1076923076923078,772.0,0.9554455445544554
41,155.56100463867188,153.1580047607422,186.71099853515625,6,3,0.0,1.0,0.9,700.0,0.8663366336633663
42,158.47300720214844,151.1020050048828,187.96099853515625,8,1,0.0,0.0,0.7159090909090909,549.0,0.6794554455445545
43,160.0500030517578,149.01699829101562,185.1739959716797,8,1,0.0,0.0,0.675,510.0,0.6311881188118812
44,163.15499877929688,149.83200073242188,183.0919952392578,8,1,0.0,0.0,0.75,589.0,0.7289603960396039
45,164.4080047607422,153.1230010986328,184.45599365234375,8,1,0.0,0.0,0.7788461538461539,616.0,0.7623762376237624
46,164.8090057373047,156.82899475097656,184.0500030517578,6,3,0.0,0.0,1.153846153846154,790.0,0.9777227722772277
47,168.60000610351562,156.77499389648438,183.3979949951172,6,3,0.0,0.0,1.0384615384615385,764.5,0.9461633663366337
48,168.16799926757812,154.947998046875,180.08799743652344,7,1,0.0,0.0,0.7346938775510204,563.0,0.6967821782178217
49,165.10899353027344,157.16700744628906,179.47500610351562,6,3,1.0,0.0,1.125,779.5,0.9647277227722773
50,167.38400268554688,160.2760009765625,180.0959930419922,7,1,0.0,0.0,0.8163265306122449,646.5,0.8001237623762376
51,169.63800048828125,158.81399536132812,177.50799560546875,6,3,1.0,0.0,1.125,779.5,0.9647277227722773
52,166.4409942626953,158.41200256347656,175.3459930419922,4,4,0.0,0.0,1.5,808.0,1.0
53,165.47000122070312,162.0279998779297,176.031005859375,6,3,0.0,0.0,1.125,779.5,0.9647277227722773
54,169.04100036621094,163.17799377441406,175.1750030517578,5,4,1.0,1.0,1.4,807.0,0.9987623762376238
55,169.29400634765625,160.83399963378906,172.13600158691406,7,0,0.0,0.0,0.75,589.0,0.7289603960396039
56,166.0570068359375,162.31700134277344,170.67799377441406,6,3,1.0,1.0,1.108695652173913,773.5,0.9573019801980198
57,167.82699584960938,165.76400756835938,170.822998046875,6,3,0.0,1.0,0.9,700.0,0.8663366336633663
58,170.81300354003906,163.93800354003906,169.15899658203125,7,1,1.0,0.0,0.7950310559006211,631.0,0.780940594059406
59,168.74899291992188,162.02099609375,166.5399932861328,7,1,1.0,0.0,0.8095238095238095,645.0,0.7982673267326733
60,167.10800170898438,164.28700256347656,163.99099731445312,6,3,1.0,0.0,0.9375,721.0,0.8923267326732673
61,165.7530059814453,167.76300048828125,163.1790008544922,6,3,2.0,1.0,0.9285714285714286,715.5,0.885519801980198
62,166.33900451660156,169.51400756835938,166.52000427246094,6,3,0.0,0.0,0.9750000000000001,736.0,0.9108910891089109
63,163.67599487304688,171.65699768066406,167.83399963378906,5,4,0.0,0.0,1.1454545454545453,788.0,0.9752475247524752
64,164.7429962158203,175.33999633789062,167.83999633789062,6,3,0.0,0.0,0.9130434782608696,705.0,0.8725247524752475
65,162.90499877929688,175.13699340820312,171.13600158691406,5,4,0.0,1.0,0.8999999999999999,693.0,0.8576732673267327
66,165.39999389648438,173.71200561523438,173.53500366210938,8,1,0.0,0.0,0.6300000000000001,440.0,0.5445544554455446
67,163.4409942626953,170.80799865722656,175.04800415039062,6,3,0.0,0.0,0.868421052631579,680.5,0.8422029702970297
68,164.11300659179688,169.68800354003906,178.5240020751953,8,1,0.0,0.0,0.5955882352941176,411.0,0.5086633663366337
69,162.48800659179688,166.4290008544922,179.5030059814453,6,3,0.0,0.0,0.84375,664.5,0.8224009900990099
70,162.03599548339844,165.19000244140625,183.07899475097656,6,3,1.0,0.0,0.9375,721.0,0.8923267326732673
71,160.7239990234375,161.72500610351562,183.86199951171875,6,3,0.0,0.0,1.0,752.5,0.9313118811881188
72,159.29200744628906,160.81700134277344,187.3000030517578,5,4,0.0,0.0,0.9692307692307691,735.0,0.9096534653465347
73,158.06500244140625,157.61900329589844,188.88800048828125,5,4,1.0,1.0,0.8999999999999999,693.0,0.8576732673267327
74,155.3699951171875,156.21400451660156,191.1719970703125,9,0,2.0,0.0,0.5333333333333333,334.5,0.41398514851485146
75,153.3070068359375,152.98699951171875,191.33700561523438,8,1,0.0,1.0,0.5625,362.5,0.44863861386138615
76,149.9810028076172,154.60899353027344,192.3260040283203,6,3,0.0,0.0,0.7000000000000001,529.0,0.6547029702970297
77,147.12600708007812,155.31100463867188,189.88699340820312,6,3,0.0,0.0,0.65625,489.5,0.6058168316831684
78,145.32899475097656,157.38299560546875,192.531005859375,8,1,0.0,0.0,0.5294117647058824,330.5,0.4090346534653465
79,143.66400146484375,160.75100708007812,191.68699645996094,6,3,0.0,0.0,0.6428571428571429,466.0,0.5767326732673267
80,145.66200256347656,162.4530029296875,194.4340057373047,7,1,2.0,0.0,0.5,300.5,0.3719059405940594
81,148.87100219726562,161.61399841308594,192.4980010986328,8,1,0.0,0.0,0.4921875,283.0,0.3502475247524752
82,147.27999877929688,163.01800537109375,189.33700561523438,6,3,0.0,0.0,0.75,589.0,0.7289603960396039
83,146.31700134277344,166.31100463867188,190.98500061035156,7,2,1.0,0.0,0.4945054945054945,286.0,0.35396039603960394
84,149.63299560546875,166.77499389648438,192.8520050048828,6,3,0.0,2.0,0.7941176470588236,628.0,0.7772277227722773
85,152.1320037841797,165.60800170898438,190.2469940185547,8,1,0.0,1.0,0.6328125,444.0,0.5495049504950495
86,150.35899353027344,167.21499633789062,187.23399353027344,6,3,0.0,0.0,0.7941176470588236,628.0,0.7772277227722773
87,149.89599609375,170.56399536132812,189.06700134277344,7,1,0.0,0.0,0.6233766233766234,430.5,0.5327970297029703
88,153.625,170.35499572753906,190.031005859375,8,1,0.0,1.0,0.5892857142857143,404.0,0.5
89,154.38099670410156,169.82699584960938,186.30499267578125,6,3,0.0,0.0,0.7894736842105263,624.5,0.7728960396039604
90,152.38499450683594,173.0050048828125,185.73199462890625,9,0,0.0,0.0,0.47619047619047616,273.0,0.3378712871287129
91,154.46099853515625,174.70899963378906,188.5290069580078,6,3,0.0,0.0,0.8181818181818181,652.5,0.807549504950495
92,157.9040069580078,173.9290008544922,187.093994140625,6,3,1.0,0.0,0.7941176470588236,628.0,0.7772277227722773
93,158.5229949951172,176.13299560546875,184.0919952392578,6,3,2.0,1.0,0.75,589.0,0.7289603960396039
94,155.05599975585938,175.5540008544922,182.5050048828125,6,3,0.0,0.0,0.7894736842105263,624.5,0.7728960396039604
95,155.26400756835938,172.0330047607422,181.0189971923828,7,2,0.0,1.0,0.680672268907563,514.0,0.6361386138613861
96,153.093994140625,171.69200134277344,177.8719940185547,8,1,1.0,1.0,0.5892857142857143,404.0,0.5
97,153.26300048828125,167.9250030517578,177.26499938964844,6,3,0.0,0.0,0.6818181818181819,516.0,0.6386138613861386
98,152.2729949951172,164.875,179.2310028076172,6,3,0.0,1.0,0.8181818181818181,652.5,0.807549504950495
99,153.46600341796875,161.33299255371094,178.6649932861328,6,3,1.0,0.0,0.75,589.0,0.7289603960396039
100,151.8820037841797,158.3179931640625,180.38099670410156,8,1,0.0,0.0,0.45000000000000007,251.0,0.31064356435643564
101,152.45199584960938,154.58700561523438,179.93499755859375,6,3,0.0,0.0,0.75,589.0,0.7289603960396039
102,151.08900451660156,152.62899780273438,182.85000610351562,8,1,0.0,1.0,0.5113636363636364,317.0,0.39232673267326734
103,150.91700744628906,148.97900390625,183.95199584960938,8,1,0.0,0.0,0.45000000000000007,251.0,0.31064356435643564
104,147.56399536132812,148.6320037841797,185.79200744628906,6,3,0.0,0.0,0.6000000000000001,417.0,0.5160891089108911
105,144.0749969482422,147.58599853515625,184.66299438476562,8,1,0.0,0.0,0.5,300.5,0.3719059405940594
106,141.78199768066406,150.5019989013672,185.66400146484375,7,1,0.0,0.0,0.32653061224489793,153.5,0.18997524752475248
107,140.79200744628906,152.10699462890625,182.42300415039062,7,1,0.0,0.0,0.38095238095238093,196.5,0.2431930693069307
108,138.9429931640625,155.39300537109375,182.91700744628906,6,3,0.0,1.0,0.42857142857142855,232.0,0.2871287128712871
109,142.10800170898438,156.47000122070312,184.72300720214844,6,3,0.0,1.0,0.5,300.5,0.3719059405940594
110,143.00599670410156,157.76600646972656,181.24400329589844,6,3,0.0,0.0,0.42857142857142855,232.0,0.2871287128712871
111,139.54800415039062,159.45399475097656,181.23399353027344,7,1,1.0,0.0,0.32653061224489793,153.5,0.18997524752475248
112,140.54299926757812,160.84300231933594,184.67100524902344,9,0,0.0,0.0,0.4444444444444444,243.5,0.30136138613861385
113,143.14100646972656,162.63999938964844,182.61500549316406,5,4,0.0,0.0,0.49090909090909085,281.0,0.34777227722772275
114,140.17999267578125,164.156005859375,180.6510009765625,8,1,0.0,0.0,0.421875,220.5,0.2728960396039604
115,139.6540069580078,166.24899291992188,183.81900024414062,8,1,0.0,0.0,0.5625,362.5,0.44863861386138615
116,143.22000122070312,167.3699951171875,183.32200622558594,7,2,0.0,0.0,0.42857142857142855,232.0,0.2871287128712871
117,142.05799865722656,168.38600158691406,179.76499938964844,6,3,0.0,0.0,0.75,589.0,0.7289603960396039
118,139.07200622558594,170.24400329589844,181.46600341796875,6,3,0.0,0.0,0.7941176470588236,628.0,0.7772277227722773
119,141.5189971923828,172.18600463867188,183.74000549316406,8,1,0.0,0.0,0.6923076923076924,524.0,0.6485148514851485
120,144.88699340820312,172.39300537109375,181.8280029296875,6,3,0.0,1.0,0.75,589.0,0.7289603960396039
121,144.0279998779297,172.0590057373047,178.0959930419922,8,1,0.0,1.0,0.5921052631578947,407.0,0.5037128712871287
122,147.35800170898438,170.33399963378906,177.37399291992188,6,3,1.0,0.0,0.7105263157894737,542.0,0.6707920792079208
123,148.12100219726562,167.593994140625,174.69500732421875,6,3,0.0,0.0,0.7105263157894737,542.0,0.6707920792079208
124,148.33799743652344,164.16000366210938,176.34800720214844,7,2,0.0,0.0,0.4675324675324675,270.0,0.3341584158415842
125,149.70700073242188,161.00999450683594,174.79400634765625,6,2,0.0,0.0,0.5714285714285714,382.0,0.47277227722772275
126,148.44200134277344,157.58999633789062,175.8470001220703,6,3,0.0,1.0,0.6666666666666666,500.0,0.6188118811881188
127,150.7760009765625,154.677001953125,175.70599365234375,7,2,0.0,0.0,0.5844155844155844,401.5,0.4969059405940594
128,149.90499877929688,151.65499877929688,177.9739990234375,8,1,0.0,0.0,0.375,187.0,0.23143564356435645
129,147.34300231933594,150.25799560546875,180.49600219726562,6,3,0.0,0.0,0.30000000000000004,134.0,0.16584158415841585
130,144.375,152.6020050048828,181.07200622558594,6,3,0.0,0.0,0.375,187.0,0.23143564356435645
131,146.0240020751953,154.9010009765625,178.4929962158203,6,3,0.0,0.0,0.5625,362.5,0.44863861386138615
132,145.947998046875,151.9759979248047,175.9219970703125,6,3,0.0,0.0,0.1875,61.0,0.07549504950495049
133,142.46600341796875,150.50399780273438,176.4250030517578,9,0,0.0,0.0,0.2,71.0,0.08787128712871287
134,140.4669952392578,152.9040069580078,174.30499267578125,7,2,1.0,0.0,0.2571428571428572,105.0,0.12995049504950495
135,136.75799560546875,152.97999572753906,174.5019989013672,9,0,0.0,0.0,0.3,127.0,0.15717821782178218
136,137.19200134277344,156.70399475097656,175.1179962158203,6,3,0.0,0.0,0.40909090909090906,211.0,0.26113861386138615
137,134.6719970703125,158.80599975585938,173.22900390625,8,1,0.0,0.0,0.4921875,283.0,0.3502475247524752
138,135.9239959716797,162.27200317382812,173.33999633789062,7,1,0.0,0.0,0.6530612244897959,482.0,0.5965346534653465
139,135.12399291992188,165.84500122070312,174.22300720214844,8,1,0.0,0.0,0.6328125,444.0,0.5495049504950495
140,135.6060028076172,168.38900756835938,171.37399291992188,6,3,2.0,2.0,1.0,752.5,0.9313118811881188
141,137.8070068359375,170.0489959716797,174.0489959716797,6,3,2.0,1.0,0.9285714285714286,715.5,0.885519801980198
142,139.84300231933594,166.81300354003906,174.5989990234375,6,3,0.0,1.0,0.8333333333333334,660.5,0.817450495049505
143,143.5189971923828,166.5469970703125,173.8249969482422,6,3,0.0,0.0,0.75,589.0,0.7289603960396039
144,144.1840057373047,162.80599975585938,173.7729949951172,8,1,0.0,1.0,0.6250000000000001,436.0,0.5396039603960396
145,146.125,160.87100219726562,171.19700622558594,8,1,0.0,0.0,0.6250000000000001,436.0,0.5396039603960396
146,146.62899780273438,157.27999877929688,172.18899536132812,7,1,0.0,0.0,0.4897959183673469,279.0,0.34529702970297027
147,148.2209930419922,154.11900329589844,170.7270050048828,8,1,0.0,0.0,0.375,187.0,0.23143564356435645
148,145.19900512695312,151.95899963378906,171.53599548339844,5,3,0.0,0.0,0.4,204.0,0.2524752475247525
149,142.44900512695312,150.1020050048828,169.8040008544922,6,3,0.0,2.0,0.5625,362.5,0.44863861386138615
150,139.91600036621094,151.6219940185547,167.41600036621094,6,3,0.0,0.0,0.6818181818181819,516.0,0.6386138613861386
151,136.71099853515625,149.63999938964844,166.78900146484375,7,2,0.0,1.0,0.45918367346938777,263.0,0.3254950495049505
152,136.47300720214844,150.57200622558594,163.11700439453125,7,1,0.0,0.0,0.5333333333333333,334.5,0.41398514851485146
153,140.0489959716797,149.40199279785156,162.39999389648438,7,1,1.0,0.0,0.3516483516483517,169.5,0.20977722772277227
154,139.5659942626953,146.35499572753906,164.64100646972656,7,1,0.0,0.0,0.4395604395604396,241.0,0.29826732673267325
155,136.57699584960938,145.3679962158203,162.4429931640625,6,3,0.0,0.0,0.6428571428571429,466.0,0.5767326732673267
156,138.3939971923828,146.1479949951172,159.12399291992188,6,3,1.0,1.0,0.5357142857142858,337.5,0.4176980198019802
157,141.43299865722656,144.0279998779297,160.14100646972656,6,3,0.0,0.0,0.40909090909090906,211.0,0.26113861386138615
158,138.99400329589844,141.33299255371094,161.36399841308594,9,0,0.0,0.0,0.5,300.5,0.3719059405940594
159,137.3520050048828,141.35699462890625,157.93800354003906,5,4,0.0,0.0,0.8999999999999999,693.0,0.8576732673267327
160,140.63299560546875,141.13299560546875,156.02000427246094,7,1,0.0,0.0,0.3116883116883117,143.0,0.17698019801980197
161,141.302001953125,138.13800048828125,158.2779998779297,7,2,0.0,0.0,0.42857142857142855,232.0,0.2871287128712871
162,137.98899841308594,136.83999633789062,156.89300537109375,9,0,0.0,0.0,0.3333333333333333,159.0,0.1967821782178218
163,139.1929931640625,137.7550048828125,153.3489990234375,7,1,0.0,0.0,0.40816326530612246,207.0,0.2561881188118812
164,142.35699462890625,135.8679962158203,153.03199768066406,8,1,0.0,1.0,0.28125,115.0,0.14232673267326731
165,141.27099609375,132.58599853515625,154.71099853515625,6,1,0.0,0.0,0.21212121212121213,75.0,0.09282178217821782
166,137.97900390625,132.5229949951172,152.947998046875,8,1,0.0,0.0,0.09375,45.0,0.055693069306930694
167,135.4290008544922,131.82400512695312,155.68499755859375,7,0,0.0,0.0,0.3333333333333333,159.0,0.1967821782178218
168,132.54600524902344,133.12899780273438,153.697998046875,8,1,0.0,0.0,0.3461538461538462,167.0,0.20668316831683167
169,129.78199768066406,131.93699645996094,156.03700256347656,6,3,0.0,1.0,0.5454545454545455,345.5,0.4275990099009901
170,129.46099853515625,134.24400329589844,159.05299377441406,8,1,0.0,1.0,0.43269230769230776,239.0,0.2957920792079208
171,127.95800018310547,133.69000244140625,162.47999572753906,6,3,0.0,1.0,0.65625,489.5,0.6058168316831684
172,127.5780029296875,136.8489990234375,164.43899536132812,5,4,0.0,0.0,0.6352941176470588,449.0,0.5556930693069307
173,126.88999938964844,136.08900451660156,168.0449981689453,6,3,0.0,0.0,0.5357142857142858,337.5,0.4176980198019802
174,126.74400329589844,139.11099243164062,170.29100036621094,6,3,0.0,2.0,0.576923076923077,391.5,0.484529702970297
175,125.99099731445312,140.50599670410156,173.7169952392578,6,3,0.0,0.0,0.7000000000000001,529.0,0.6547029702970297
176,124.48200225830078,143.9429931640625,174.48300170898438,7,2,0.0,0.0,0.4945054945054945,286.0,0.35396039603960394
177,127.37999725341797,145.88999938964844,176.0330047607422,8,1,0.0,0.0,0.45000000000000007,251.0,0.31064356435643564
178,127.75599670410156,149.51300048828125,174.6020050048828,6,3,0.0,0.0,0.46153846153846156,265.5,0.3285891089108911
179,129.41900634765625,149.56900024414062,171.1750030517578,6,3,0.0,0.0,0.4,204.0,0.2524752475247525
180,127.93199920654297,146.13800048828125,170.36000061035156,6,1,0.0,1.0,0.35897435897435903,173.5,0.21472772277227722
181,124.93800354003906,147.45899963378906,168.5290069580078,7,2,0.0,1.0,0.45918367346938777,263.0,0.3254950495049505
182,127.79199981689453,149.38400268554688,166.8509979248047,7,1,0.0,0.0,0.3516483516483517,169.5,0.20977722772277227
183,129.6280059814453,146.10299682617188,166.08700561523438,8,1,1.0,1.0,0.421875,220.5,0.2728960396039604
184,126.37799835205078,144.98699951171875,164.40899658203125,7,2,0.0,1.0,0.48214285714285715,275.5,0.3409653465346535
185,126.26499938964844,148.35400390625,162.52699279785156,8,1,0.0,0.0,0.45000000000000007,251.0,0.31064356435643564
186,129.85499572753906,147.968994140625,161.23199462890625,8,1,0.0,1.0,0.4921875,283.0,0.3502475247524752
187,129.25,144.3209991455078,160.27099609375,6,3,1.0,0.0,0.7058823529411765,537.0,0.6646039603960396
188,126.09400177001953,145.13299560546875,158.2790069580078,7,1,0.0,0.0,0.5378151260504201,339.5,0.42017326732673266
189,127.56600189208984,148.23599243164062,156.60299682617188,6,3,1.0,0.0,0.75,589.0,0.7289603960396039
190,131.02000427246094,146.7729949951172,155.7519989013672,6,3,0.0,0.0,0.75,589.0,0.7289603960396039
191,129.3560028076172,143.656005859375,154.343994140625,6,3,0.0,0.0,0.75,589.0,0.7289603960396039
192,126.7959976196289,145.6540069580078,152.2949981689453,8,1,1.0,0.0,0.5625,362.5,0.44863861386138615
193,129.46200561523438,148.07400512695312,150.94700622558594,8,1,0.0,0.0,0.6328125,444.0,0.5495049504950495
194,131.58200073242188,145.1199951171875,149.7030029296875,8,1,0.0,0.0,0.6328125,444.0,0.5495049504950495
195,131.17999267578125,143.3939971923828,146.33200073242188,8,1,0.0,0.0,0.5625,362.5,0.44863861386138615
196,132.51199340820312,140.13900756835938,147.87600708007812,6,3,0.0,0.0,0.6666666666666666,500.0,0.6188118811881188
197,129.1959991455078,138.5229949951172,148.62899780273438,6,3,0.0,1.0,0.65625,489.5,0.6058168316831684
198,129.96499633789062,137.7689971923828,152.23699951171875,7,0,0.0,0.0,0.46153846153846156,265.5,0.3285891089108911
199,127.30999755859375,135.14300537109375,152.822998046875,8,1,0.0,0.0,0.45000000000000007,251.0,0.31064356435643564
200,125.70800018310547,135.89500427246094,156.08999633789062,9,0,1.0,0.0,0.5,300.5,0.3719059405940594
201,123.69499969482422,134.7830047607422,158.9429931640625,7,1,1.0,0.0,0.5,300.5,0.3719059405940594
202,121.96299743652344,137.6230010986328,160.76800537109375,8,1,0.0,0.0,0.5062500000000001,313.5,0.3879950495049505
203,122.9260025024414,138.73800659179688,164.2760009765625,6,3,0.0,0.0,0.5833333333333334,397.0,0.49133663366336633
204,122.03800201416016,136.30799865722656,167.08399963378906,7,2,1.0,0.0,0.42857142857142855,232.0,0.2871287128712871
205,121.84100341796875,138.1719970703125,170.281005859375,6,3,0.0,0.0,0.65625,489.5,0.6058168316831684
206,122.81900024414062,136.6790008544922,173.68299865722656,5,4,0.0,0.0,0.8999999999999999,693.0,0.8576732673267327
207,120.74800109863281,139.11300659179688,175.66299438476562,8,1,0.0,0.0,0.5113636363636364,317.0,0.39232673267326734
208,121.3290023803711,138.7899932861328,179.43600463867188,6,3,1.0,0.0,0.75,589.0,0.7289603960396039
209,123.66400146484375,137.03799438476562,181.86000061035156,6,3,1.0,0.0,0.75,589.0,0.7289603960396039
210,122.95600128173828,133.57200622558594,183.3419952392578,8,1,0.0,0.0,0.5625,362.5,0.44863861386138615
211,119.94000244140625,132.86000061035156,181.2209930419922,7,1,0.0,1.0,0.5714285714285714,382.0,0.47277227722772275
212,121.50199890136719,129.35000610351562,180.85800170898438,8,1,0.0,0.0,0.6328125,444.0,0.5495049504950495
213,118.5719985961914,127.91500091552734,178.8560028076172,6,3,1.0,0.0,0.9,700.0,0.8663366336633663
214,117.63700103759766,131.0449981689453,176.8419952392578,7,1,0.0,0.0,0.5714285714285714,382.0,0.47277227722772275
215,121.36000061035156,130.94000244140625,175.8350067138672,6,3,0.0,0.0,0.75,589.0,0.7289603960396039
216,120.58699798583984,127.3550033569336,174.79800415039062,7,1,0.0,0.0,0.6428571428571429,466.0,0.5767326732673267
217,117.46399688720703,128.51699829101562,172.86500549316406,6,3,0.0,0.0,0.65625,489.5,0.6058168316831684
218,119.71800231933594,130.8459930419922,170.85400390625,7,1,0.0,0.0,0.5714285714285714,382.0,0.47277227722772275
219,122.9260025024414,128.81399536132812,170.61000061035156,5,4,0.0,0.0,0.7411764705882352,566.0,0.7004950495049505
220,121.19599914550781,125.69599914550781,169.28199768066406,7,1,0.0,0.0,0.5378151260504201,339.5,0.42017326732673266
221,120.16699981689453,127.83499908447266,166.26699829101562,7,1,1.0,0.0,0.4897959183673469,279.0,0.34529702970297027
222,123.86599731445312,127.89900207519531,165.2790069580078,7,2,0.0,1.0,0.6857142857142857,518.5,0.6417079207920792
223,124.33999633789062,126.18800354003906,161.90899658203125,8,1,0.0,1.0,0.5294117647058824,330.5,0.4090346534653465
224,127.76899719238281,127.38300323486328,160.65899658203125,6,3,0.0,0.0,0.7058823529411765,537.0,0.6646039603960396
225,131.56900024414062,126.7959976196289,160.67300415039062,6,3,0.0,0.0,0.6000000000000001,417.0,0.5160891089108911
226,133.3419952392578,130.10800170898438,161.5240020751953,6,3,0.0,0.0,0.6176470588235294,426.5,0.5278465346534653
227,132.31399536132812,132.07400512695312,164.56700134277344,7,2,0.0,0.0,0.5413533834586466,341.5,0.42264851485148514
228,132.593994140625,135.61500549316406,165.88900756835938,6,2,1.0,0.0,0.5833333333333334,397.0,0.49133663366336633
229,131.95700073242188,136.80499267578125,169.42100524902344,6,3,0.0,1.0,0.576923076923077,391.5,0.484529702970297
230,131.92999267578125,140.33799743652344,170.6820068359375,6,1,0.0,0.0,0.35000000000000003,168.0,0.2079207920792079
231,131.5959930419922,139.62899780273438,174.41299438476562,7,1,0.0,0.0,0.5194805194805194,326.5,0.4040841584158416
232,133.35499572753906,140.06399536132812,177.80999755859375,6,3,1.0,0.0,0.75,589.0,0.7289603960396039
233,135.93699645996094,137.9320068359375,179.63499450683594,7,1,0.0,0.0,0.5714285714285714,382.0,0.47277227722772275
234,133.4409942626953,136.3350067138672,182.0749969482422,8,1,1.0,1.0,0.6136363636363636,424.0,0.5247524752475248
235,130.7550048828125,135.9929962158203,179.39599609375,7,1,0.0,0.0,0.5194805194805194,326.5,0.4040841584158416
236,133.16400146484375,134.15499877929688,177.05299377441406,6,3,0.0,0.0,0.576923076923077,391.5,0.484529702970297
237,133.99400329589844,131.78799438476562,179.98500061035156,6,3,0.0,0.0,0.7058823529411765,537.0,0.6646039603960396
238,130.2570037841797,130.87899780273438,180.17599487304688,6,3,0.0,0.0,0.8823529411764707,687.0,0.8502475247524752
239,129.7760009765625,130.80499267578125,176.4199981689453,7,2,0.0,0.0,0.6428571428571428,453.5,0.5612623762376238
240,132.66700744628906,128.40199279785156,175.7469940185547,5,4,0.0,0.0,0.7363636363636363,564.0,0.698019801980198
241,131.8260040283203,126.2509994506836,178.81300354003906,8,1,0.0,0.0,0.5062500000000001,313.5,0.3879950495049505
242,128.45700073242188,125.75800323486328,177.09100341796875,7,1,0.0,1.0,0.5714285714285714,382.0,0.47277227722772275
243,130.15499877929688,125.59400177001953,173.66700744628906,6,3,0.0,0.0,0.65625,489.5,0.6058168316831684
244,131.8939971923828,122.31999969482422,174.531005859375,6,3,2.0,0.0,0.75,589.0,0.7289603960396039
245,128.46400451660156,120.9530029296875,175.552001953125,6,3,1.0,2.0,0.75,589.0,0.7289603960396039
246,127.08100128173828,122.4749984741211,172.28199768066406,6,3,1.0,0.0,0.7058823529411765,537.0,0.6646039603960396
247,129.56900024414062,120.427001953125,170.1999969482422,6,3,0.0,1.0,0.6666666666666666,500.0,0.6188118811881188
248,130.6820068359375,123.66899871826172,168.51499938964844,6,3,0.0,0.0,0.675,510.0,0.6311881188118812
249,134.197998046875,123.44499969482422,169.9290008544922,6,3,1.0,1.0,0.75,589.0,0.7289603960396039
250,134.9980010986328,120.82499694824219,167.24200439453125,6,3,0.0,1.0,0.7105263157894737,542.0,0.6707920792079208
251,138.45700073242188,121.24400329589844,165.71800231933594,6,1,0.0,0.0,0.5490196078431373,347.0,0.42945544554455445
252,137.26400756835938,122.1780014038086,162.23800659179688,8,1,0.0,0.0,0.4017857142857143,206.0,0.25495049504950495
253,135.5,125.30400085449219,163.67100524902344,8,1,1.0,0.0,0.43750000000000006,240.0,0.297029702970297
254,137.093994140625,128.73899841308594,163.98399353027344,8,1,0.0,1.0,0.4632352941176471,267.0,0.33044554455445546
255,136.7429962158203,131.51600646972656,166.531005859375,7,0,0.0,0.0,0.47058823529411764,271.0,0.3353960396039604
256,137.94900512695312,135.11300659179688,166.24200439453125,7,2,0.0,0.0,0.5934065934065934,409.5,0.5068069306930693
257,137.375,137.46099853515625,169.19000244140625,6,3,0.0,0.0,0.6818181818181819,516.0,0.6386138613861386
258,138.8509979248047,141.01800537109375,169.49400329589844,6,3,0.0,0.0,0.75,589.0,0.7289603960396039
259,140.94000244140625,142.55999755859375,172.26400756835938,8,1,0.0,0.0,0.5113636363636364,317.0,0.39232673267326734
260,138.33999633789062,143.0760040283203,175.0260009765625,6,2,0.0,0.0,0.48484848484848486,277.0,0.34282178217821785
261,138.06500244140625,139.38499450683594,175.86900329589844,6,3,0.0,0.0,0.9230769230769231,712.0,0.8811881188118812
262,141.71600341796875,138.39999389648438,175.15499877929688,6,3,0.0,0.0,0.9230769230769231,712.0,0.8811881188118812
263,143.38800048828125,141.42799377441406,176.80999755859375,6,3,0.0,0.0,0.75,589.0,0.7289603960396039
264,145.84800720214844,140.16099548339844,179.37600708007812,8,1,0.0,0.0,0.5625,362.5,0.44863861386138615
265,148.1439971923828,137.72799682617188,177.47999572753906,6,3,1.0,0.0,0.8076923076923077,643.5,0.7964108910891089
266,149.92799377441406,136.8159942626953,180.72799682617188,7,1,0.0,0.0,0.6666666666666667,505.5,0.6256188118811881
267,146.64199829101562,135.65499877929688,182.2949981689453,6,3,1.0,0.0,0.9230769230769231,712.0,0.8811881188118812
268,145.46499633789062,132.54400634765625,180.51300048828125,7,2,0.0,0.0,0.7142857142857143,545.5,0.6751237623762376
269,142.0919952392578,130.97799682617188,181.4550018310547,6,3,0.0,1.0,0.84375,664.5,0.8224009900990099
270,141.4929962158203,127.28500366210938,180.78900146484375,7,1,0.0,1.0,0.6984126984126985,526.0,0.650990099009901
271,138.22900390625,126.65899658203125,178.95599365234375,7,1,0.0,0.0,0.5442176870748299,343.0,0.4245049504950495
272,139.25999450683594,128.6230010986328,175.89500427246094,8,1,1.0,0.0,0.5921052631578947,407.0,0.5037128712871287
273,140.1699981689453,125.947998046875,173.29299926757812,6,3,0.0,1.0,0.8250000000000001,658.0,0.8143564356435643
274,143.06300354003906,126.23899841308594,170.83299255371094,5,3,1.0,1.0,0.888888888888889,689.0,0.8527227722772277
275,143.8560028076172,128.29600524902344,167.95199584960938,5,3,0.0,0.0,1.0,752.5,0.9313118811881188
276,141.77699279785156,131.26600646972656,168.9250030517578,6,3,1.0,1.0,0.8333333333333334,660.5,0.817450495049505
277,142.3800048828125,134.406005859375,167.052001953125,7,2,1.0,0.0,0.6428571428571428,453.5,0.5612623762376238
278,142.7030029296875,137.968994140625,168.3000030517578,6,3,0.0,0.0,0.8750000000000001,684.5,0.8471534653465347
279,144.09300231933594,141.3979949951172,167.4290008544922,6,3,0.0,1.0,0.8181818181818181,652.5,0.807549504950495
280,145.81100463867188,143.64100646972656,169.99899291992188,6,3,0.0,0.0,0.6428571428571429,466.0,0.5767326732673267
281,148.80099487304688,145.97799682617188,170.6540069580078,6,1,0.0,1.0,0.3888888888888889,200.0,0.24752475247524752
282,150.9429931640625,143.49400329589844,172.49899291992188,8,1,0.0,0.0,0.32142857142857145,149.5,0.18502475247524752
283,154.58200073242188,144.5800018310547,172.6840057373047,8,1,0.0,0.0,0.6428571428571429,466.0,0.5767326732673267
284,156.92999267578125,141.7570037841797,171.70799255371094,7,0,0.0,0.0,0.6666666666666666,500.0,0.6188118811881188
285,159.07400512695312,143.89199829101562,169.37899780273438,8,1,0.0,0.0,0.703125,532.5,0.6590346534653465
286,158.41700744628906,147.50100708007812,170.5070037841797,6,1,0.0,0.0,0.6666666666666666,500.0,0.6188118811881188
287,160.29600524902344,149.07899475097656,173.36900329589844,8,1,0.0,0.0,0.75,589.0,0.7289603960396039
288,158.61000061035156,151.49600219726562,175.73899841308594,5,4,0.0,0.0,1.2,795.0,0.9839108910891089
289,161.343994140625,154.01699829101562,174.96800231933594,7,1,1.0,0.0,0.9142857142857144,708.0,0.8762376237623762
290,160.74899291992188,153.9770050048828,171.19700622558594,6,3,1.0,0.0,1.2000000000000002,798.0,0.9876237623762376
291,157.14500427246094,155.0800018310547,171.7830047607422,6,2,0.0,0.0,1.0,752.5,0.9313118811881188
292,158.29800415039062,157.5959930419922,174.40899658203125,6,3,0.0,0.0,1.0384615384615385,764.5,0.9461633663366337
293,160.53199768066406,159.21099853515625,171.75799560546875,7,2,0.0,0.0,0.9642857142857143,732.5,0.906559405940594
294,157.72300720214844,158.81500244140625,169.14700317382812,8,1,0.0,1.0,0.703125,532.5,0.6590346534653465
295,155.30099487304688,160.822998046875,171.38900756835938,6,3,1.0,0.0,0.9230769230769231,712.0,0.8811881188118812
296,157.97799682617188,163.3719940185547,172.20599365234375,7,2,0.0,0.0,0.7714285714285714,613.5,0.7592821782178217
297,158.64500427246094,163.6699981689453,168.4459991455078,6,3,2.0,0.0,1.0263157894736843,761.0,0.9418316831683168
298,154.9239959716797,164.2239990234375,167.88299560546875,7,2,0.0,0.0,0.935064935064935,718.0,0.8886138613861386
299,154.9759979248047,167.13499450683594,170.38400268554688,5,4,0.0,0.0,1.2,795.0,0.9839108910891089
300,157.9739990234375,168.40199279785156,168.39700317382812,6,3,1.0,1.0,0.9166666666666667,709.0,0.8774752475247525
301,156.11500549316406,168.3780059814453,165.10000610351562,6,3,0.0,1.0,1.1428571428571428,786.0,0.9727722772277227
302,153.24600219726562,170.23800659179688,166.81199645996094,6,3,0.0,0.0,1.108695652173913,773.5,0.9573019801980198
303,155.7469940185547,172.86900329589844,168.00900268554688,6,3,0.0,0.0,0.8571428571428571,672.5,0.8323019801980198
304,157.29400634765625,173.11399841308594,164.4810028076172,6,3,1.0,0.0,0.9473684210526315,725.0,0.8972772277227723
305,153.8350067138672,173.4340057373047,162.822998046875,6,3,0.0,0.0,1.0,752.5,0.9313118811881188
306,153.07000732421875,176.21800231933594,165.3699951171875,9,0,2.0,0.0,0.6521739130434783,478.0,0.5915841584158416
307,156.26199340820312,178.10800170898438,164.5189971923828,5,4,0.0,0.0,1.125,779.5,0.9647277227722773
308,155.62399291992188,177.77200317382812,160.8040008544922,7,1,1.0,0.0,0.7314285714285714,561.0,0.6943069306930693
309,152.01699829101562,179.06399536132812,160.74099731445312,7,1,1.0,0.0,0.7195767195767196,554.0,0.6856435643564357
310,152.25799560546875,181.21400451660156,163.87399291992188,8,1,0.0,0.0,0.7232142857142858,559.0,0.6918316831683168
311,155.44400024414062,182.6230010986328,165.4340057373047,6,3,1.0,1.0,0.9107142857142857,704.0,0.8712871287128713
312,155.0330047607422,181.95399475097656,169.19700622558594,6,1,0.0,1.0,0.6533333333333334,486.0,0.6014851485148515
313,154.33099365234375,179.3470001220703,171.86700439453125,7,2,0.0,1.0,0.7417582417582417,567.5,0.7023514851485149
314,150.9429931640625,178.93899536132812,173.64100646972656,6,3,0.0,1.0,0.782608695652174,619.0,0.7660891089108911
315,152.0050048828125,179.56700134277344,177.20199584960938,7,1,1.0,0.0,0.6699507389162561,507.0,0.6274752475247525
316,150.48800659179688,177.5570068359375,179.98599243164062,6,3,0.0,0.0,0.8750000000000001,684.5,0.8471534653465347
317,147.8939971923828,178.48699951171875,182.57000732421875,7,1,1.0,0.0,0.6984126984126985,526.0,0.650990099009901
318,148.54800415039062,180.38699340820312,185.78199768066406,6,3,0.0,0.0,0.868421052631579,680.5,0.8422029702970297
319,147.57899475097656,177.5970001220703,188.21299743652344,8,1,2.0,0.0,0.5921052631578947,407.0,0.5037128712871287
320,145.2259979248047,174.69500732421875,188.8979949951172,7,1,0.0,0.0,0.5333333333333333,334.5,0.41398514851485146
321,143.44000244140625,176.39599609375,191.8209991455078,6,1,0.0,1.0,0.6222222222222222,429.0,0.530940594059406
322,142.19200134277344,179.71800231933594,190.33799743652344,6,3,1.0,0.0,0.8571428571428571,672.5,0.8323019801980198
323,139.04299926757812,180.7050018310547,188.4810028076172,7,1,0.0,0.0,0.7218045112781954,558.0,0.6905940594059405
324,139.76199340820312,184.23300170898438,187.2270050048828,9,0,0.0,0.0,0.631578947368421,441.0,0.5457920792079208
325,138.7760009765625,185.42300415039062,183.73500061035156,7,1,0.0,0.0,0.7074829931972789,540.0,0.6683168316831684
326,138.34500122070312,182.93499755859375,180.8699951171875,7,2,0.0,0.0,0.7417582417582417,567.5,0.7023514851485149
327,139.51199340820312,179.86900329589844,179.0189971923828,6,3,0.0,0.0,0.8653846153846153,679.0,0.8403465346534653
328,139.677001953125,181.48399353027344,175.5850067138672,7,1,0.0,0.0,0.6772486772486772,513.0,0.6349009900990099
329,142.1750030517578,179.54100036621094,173.3769989013672,6,3,1.0,0.0,0.9,700.0,0.8663366336633663
330,143.40199279785156,182.62100219726562,171.2310028076172,6,3,2.0,2.0,0.95,726.0,0.8985148514851485
331,146.69900512695312,180.91000366210938,170.5989990234375,9,0,0.0,0.0,0.6428571428571429,466.0,0.5767326732673267
332,144.80499267578125,178.156005859375,168.7429962158203,8,1,0.0,0.0,0.7258064516129032,560.0,0.693069306930693
333,145.62100219726562,174.8699951171875,170.5659942626953,6,3,2.0,1.0,0.870967741935484,682.0,0.844059405940594
334,147.23199462890625,171.9949951171875,168.7779998779297,6,2,0.0,0.0,0.7999999999999999,633.5,0.7840346534653465
335,144.2899932861328,170.22799682617188,167.0679931640625,8,1,1.0,0.0,0.782608695652174,619.0,0.7660891089108911
336,144.8260040283203,171.656005859375,163.4810028076172,6,3,3.0,0.0,1.173913043478261,791.0,0.9789603960396039
337,148.56500244140625,171.1060028076172,164.2480010986328,8,1,0.0,0.0,0.9140625,706.5,0.8743811881188119
338,148.1320037841797,167.4029998779297,165.1840057373047,9,0,0.0,0.0,0.75,589.0,0.7289603960396039
339,146.88999938964844,166.58799743652344,161.67999267578125,6,3,0.0,0.0,1.1785714285714286,792.0,0.9801980198019802
340,149.98800659179688,165.49899291992188,159.7220001220703,8,1,1.0,0.0,0.9140625,706.5,0.8743811881188119
341,152.91700744628906,164.1790008544922,161.73500061035156,6,3,0.0,0.0,1.1470588235294117,789.0,0.9764851485148515
342,155.60000610351562,162.02200317382812,160.0760040283203,6,3,0.0,0.0,1.058823529411765,767.0,0.9492574257425742
343,158.60000610351562,160.38299560546875,161.74899291992188,7,0,1.0,0.0,0.7142857142857143,545.5,0.6751237623762376
344,161.26499938964844,158.07200622558594,160.447998046875,8,1,1.0,0.0,0.7670454545454546,612.0,0.7574257425742574
345,159.52000427246094,156.8159942626953,157.28599548339844,6,3,0.0,0.0,0.9782608695652174,738.5,0.9139851485148515
346,156.41600036621094,156.11199951171875,159.41299438476562,7,1,0.0,1.0,0.7394957983193278,565.0,0.6992574257425742
347,153.15499877929688,158.0399932861328,159.22300720214844,8,1,0.0,0.0,0.675,510.0,0.6311881188118812
348,151.6529998779297,159.07200622558594,162.5850067138672,5,2,0.0,0.0,0.9799999999999999,744.0,0.9207920792079208
349,148.71299743652344,161.16099548339844,161.4040069580078,6,3,0.0,0.0,1.125,779.5,0.9647277227722773
350,145.19500732421875,161.25399780273438,162.822998046875,8,1,0.0,0.0,0.984375,745.0,0.9220297029702971
351,141.53599548339844,161.36500549316406,161.84500122070312,6,3,0.0,0.0,1.0714285714285716,769.5,0.9523514851485149
352,139.0500030517578,164.0850067138672,162.94900512695312,7,1,0.0,0.0,0.7857142857142857,621.0,0.7685643564356436
353,138.07699584960938,161.625,165.6739959716797,7,1,1.0,0.0,0.6616541353383459,494.0,0.6113861386138614
354,141.79800415039062,161.5489959716797,166.6739959716797,6,3,0.0,0.0,0.9,700.0,0.8663366336633663
355,142.33399963378906,157.82699584960938,166.0030059814453,6,1,0.0,0.0,0.5185185185185185,322.5,0.39913366336633666
356,145.58599853515625,156.6840057373047,164.5019989013672,7,1,0.0,0.0,0.4761904761904762,274.0,0.33910891089108913
357,145.71299743652344,156.15499877929688,160.7689971923828,6,3,0.0,0.0,0.75,589.0,0.7289603960396039
358,148.44700622558594,153.4709930419922,160.7449951171875,8,1,1.0,0.0,0.5113636363636364,317.0,0.39232673267326734
359,148.68600463867188,151.70799255371094,164.13299560546875,6,3,0.0,0.0,0.576923076923077,391.5,0.484529702970297
360,150.63600158691406,148.4510040283203,164.677001953125,7,2,0.0,0.0,0.4945054945054945,286.0,0.35396039603960394
361,147.91900634765625,145.85499572753906,165.17999267578125,5,4,0.0,0.0,0.72,556.0,0.6881188118811881
362,149.37399291992188,142.468994140625,166.14999389648438,6,3,1.0,0.0,0.6000000000000001,417.0,0.5160891089108911
363,147.36300659179688,139.4290008544922,164.9739990234375,6,3,0.0,0.0,0.6250000000000001,436.0,0.5396039603960396
364,147.72000122070312,136.6269989013672,167.46600341796875,7,2,0.0,0.0,0.6923076923076923,523.0,0.6472772277227723
365,146.80299377441406,132.95599365234375,167.84800720214844,6,3,1.0,0.0,0.7941176470588236,628.0,0.7772277227722773
366,147.21400451660156,130.5399932861328,170.76600646972656,5,4,0.0,1.0,1.0,752.5,0.9313118811881188
367,149.2100067138672,127.302001953125,170.13800048828125,8,1,1.0,0.0,0.703125,532.5,0.6590346534653465
368,149.41799926757812,123.95999908447266,172.09300231933594,7,1,0.0,0.0,0.6095238095238095,422.0,0.5222772277227723
369,151.36900329589844,125.25299835205078,175.06300354003906,8,1,1.0,0.0,0.6875000000000001,521.5,0.6454207920792079
370,148.78399658203125,128.08700561523438,175.32000732421875,5,4,1.0,0.0,1.0588235294117647,766.0,0.948019801980198
371,151.13999938964844,130.80499267578125,174.19700622558594,7,1,0.0,0.0,0.6984126984126985,526.0,0.650990099009901
372,149.9530029296875,134.0019989013672,172.51800537109375,7,0,0.0,0.0,0.6875,520.0,0.6435643564356436
373,152.23699951171875,133.96099853515625,169.5240020751953,7,1,0.0,1.0,0.7142857142857143,545.5,0.6751237623762376
374,153.07400512695312,136.06500244140625,166.50399780273438,7,1,0.0,0.0,0.5,300.5,0.3719059405940594
375,150.8820037841797,135.32200622558594,163.47900390625,6,3,1.0,0.0,0.6428571428571429,466.0,0.5767326732673267
376,150.00100708007812,138.3939971923828,161.427001953125,6,3,0.0,0.0,0.5,300.5,0.3719059405940594
377,151.53399658203125,141.8070068359375,160.86099243164062,7,1,0.0,0.0,0.38095238095238093,196.5,0.2431930693069307
378,150.2209930419922,145.09300231933594,159.5279998779297,7,0,0.0,0.0,0.4666666666666667,268.0,0.3316831683168317
379,153.02200317382812,147.67599487304688,159.35699462890625,7,1,0.0,0.0,0.5714285714285714,382.0,0.47277227722772275
380,152.8179931640625,148.02699279785156,155.56700134277344,8,1,0.0,0.0,0.675,510.0,0.6311881188118812
381,150.197998046875,150.4199981689453,154.1649932861328,8,1,2.0,1.0,0.6428571428571429,466.0,0.5767326732673267
382,147.16600036621094,148.73599243164062,155.84300231933594,6,3,0.0,2.0,0.75,589.0,0.7289603960396039
383,147.91099548339844,145.1790008544922,154.5780029296875,5,4,0.0,0.0,1.0285714285714285,762.5,0.9436881188118812
384,148.27499389648438,141.77499389648438,156.1699981689453,8,1,0.0,0.0,0.421875,220.5,0.2728960396039604
385,151.3769989013672,139.55099487304688,156.31199645996094,5,4,0.0,1.0,0.72,556.0,0.6881188118811881
386,150.8350067138672,136.00799560546875,157.52200317382812,7,2,0.0,0.0,0.6428571428571428,453.5,0.5612623762376238
387,152.7169952392578,132.73300170898438,158.15699768066406,8,1,0.0,1.0,0.661764705882353,495.0,0.6126237623762376
388,149.98399353027344,130.718994140625,156.3769989013672,6,3,0.0,2.0,0.8571428571428571,672.5,0.8323019801980198
389,149.8769989013672,127.93499755859375,159.0,6,3,0.0,0.0,0.7058823529411765,537.0,0.6646039603960396
390,146.29400634765625,126.88700103759766,158.25799560546875,7,0,0.0,0.0,0.5,300.5,0.3719059405940594
391,145.0659942626953,124.00499725341797,160.53599548339844,6,3,0.0,0.0,0.6176470588235294,426.5,0.5278465346534653
392,146.4239959716797,124.41899871826172,164.06100463867188,7,2,0.0,0.0,0.6090225563909774,421.0,0.5210396039603961
393,143.16299438476562,123.22200012207031,165.60800170898438,6,1,0.0,0.0,0.5833333333333334,397.0,0.49133663366336633
394,144.38299560546875,119.90699768066406,167.0399932861328,7,1,0.0,0.0,0.5714285714285714,382.0,0.47277227722772275
395,142.14599609375,118.87799835205078,169.92799377441406,6,3,0.0,0.0,0.8571428571428571,672.5,0.8323019801980198
396,143.0709991455078,120.81300354003906,173.0959930419922,8,1,0.0,0.0,0.6428571428571429,466.0,0.5767326732673267
397,139.5679931640625,120.02100372314453,174.39599609375,6,3,0.0,0.0,0.7173913043478262,551.5,0.682549504950495
398,140.39199829101562,116.40899658203125,173.43299865722656,8,1,0.0,0.0,0.5892857142857143,404.0,0.5
399,139.9429931640625,113.62899780273438,172.21200561523438,7,1,0.0,0.0,0.5714285714285714,382.0,0.47277227722772275
400,139.24400329589844,113.89900207519531,168.51699829101562,7,1,1.0,0.0,0.5413533834586466,341.5,0.42264851485148514
401,141.5500030517578,111.99600219726562,166.04200744628906,6,3,1.0,2.0,0.8,636.0,0.7871287128712872
402,139.8159942626953,113.88899993896484,163.20599365234375,8,1,0.0,0.0,0.525,328.0,0.40594059405940597
403,140.9949951171875,113.05400085449219,159.7169952392578,8,1,0.0,0.0,0.5625,362.5,0.44863861386138615
404,138.5970001220703,114.65299987792969,157.2689971923828,8,1,0.0,0.0,0.5192307692307693,324.5,0.40160891089108913
405,141.09300231933594,117.30799865722656,156.11199951171875,8,1,0.0,0.0,0.5192307692307693,324.5,0.40160891089108913
406,142.41000366210938,115.69400024414062,152.92999267578125,6,3,1.0,0.0,0.6428571428571429,466.0,0.5767326732673267
407,145.64599609375,116.48400115966797,151.1719970703125,8,1,0.0,0.0,0.421875,220.5,0.2728960396039604
408,145.5050048828125,116.73400115966797,147.36199951171875,7,2,0.0,1.0,0.42857142857142855,232.0,0.2871287128712871
409,148.37100219726562,117.875,145.14199829101562,6,3,0.0,0.0,0.7000000000000001,529.0,0.6547029702970297
410,147.75399780273438,118.2249984741211,141.3300018310547,6,3,0.0,0.0,0.375,187.0,0.23143564356435645
411,149.17799377441406,119.2699966430664,137.9320068359375,5,4,0.0,1.0,0.4235294117647059,225.0,0.2784653465346535
412,148.39100646972656,121.90599822998047,135.3260040283203,7,1,0.0,1.0,0.30476190476190473,141.0,0.1745049504950495
413,146.6529998779297,120.03700256347656,132.48500061035156,7,1,0.0,0.0,0.07619047619047618,44.0,0.054455445544554455
414,144.05299377441406,121.85600280761719,130.41900634765625,6,3,0.0,1.0,0.11538461538461539,46.5,0.05754950495049505
415,141.0260009765625,121.82099914550781,130.58999633789062,6,3,0.0,1.0,0.21428571428571427,79.0,0.09777227722772278
416,141.0970001220703,119.46900177001953,133.59300231933594,8,1,0.0,0.0,0.24107142857142858,93.0,0.1150990099009901
417,143.0800018310547,122.13600158691406,135.4510040283203,6,3,0.0,2.0,0.28125,115.0,0.14232673267326731
418,143.4550018310547,125.8550033569336,134.6179962158203,7,2,0.0,1.0,0.17142857142857143,58.0,0.07178217821782178
419,145.3780059814453,128.07699584960938,137.06500244140625,6,3,0.0,0.0,0.39473684210526316,201.0,0.24876237623762376
420,145.00599670410156,131.89100646972656,137.19700622558594,7,1,0.0,0.0,0.3657142857142857,180.0,0.22277227722772278
421,146.5229949951172,134.37899780273438,139.63499450683594,8,1,0.0,1.0,0.5625,362.5,0.44863861386138615
422,144.55599975585938,136.5919952392578,142.0540008544922,7,2,0.0,1.0,0.5844155844155844,401.5,0.4969059405940594
423,142.32699584960938,139.1719970703125,140.36000061035156,8,1,1.0,1.0,0.4144736842105263,215.0,0.2660891089108911
424,141.6300048828125,142.52200317382812,142.16200256347656,6,3,2.0,0.0,0.5294117647058825,332.0,0.41089108910891087
425,137.84500122070312,141.96099853515625,142.052001953125,5,4,1.0,1.0,0.6,412.5,0.510519801980198
426,137.16000366210938,143.1790008544922,145.6479949951172,6,3,0.0,1.0,0.5833333333333334,397.0,0.49133663366336633
427,138.1840057373047,139.72500610351562,146.95399475097656,7,1,1.0,0.0,0.35714285714285715,172.0,0.21287128712871287
428,139.95399475097656,136.52499389648438,145.98300170898438,6,3,0.0,2.0,0.44117647058823534,242.0,0.2995049504950495
429,137.10000610351562,134.09300231933594,145.43099975585938,7,1,0.0,0.0,0.33613445378151263,164.0,0.20297029702970298
430,135.90499877929688,133.593994140625,141.88299560546875,6,3,0.0,0.0,0.4166666666666667,216.0,0.26732673267326734
431,132.7169952392578,131.58900451660156,141.41600036621094,7,2,0.0,1.0,0.42857142857142855,232.0,0.2871287128712871
432,134.33200073242188,128.33299255371094,140.2270050048828,8,1,0.0,1.0,0.24107142857142858,93.0,0.1150990099009901
433,137.93499755859375,128.9530029296875,141.3719940185547,6,3,0.0,1.0,0.35294117647058826,171.0,0.21163366336633663
434,139.58700561523438,127.38899993896484,144.4320068359375,6,3,0.0,0.0,0.1875,61.0,0.07549504950495049
435,142.81300354003906,128.88999938964844,145.93699645996094,6,3,0.0,0.0,0.47368421052631576,272.0,0.33663366336633666
436,145.8090057373047,126.5510025024414,145.68099975585938,7,1,0.0,0.0,0.3609022556390977,178.0,0.2202970297029703
437,149.1300048828125,127.18000030517578,147.41600036621094,5,4,1.0,0.0,0.8999999999999999,693.0,0.8576732673267327
438,152.13800048828125,126.87899780273438,145.08399963378906,7,1,2.0,0.0,0.619047619047619,428.0,0.5297029702970297
439,155.7010040283203,126.88200378417969,146.33599853515625,8,1,1.0,1.0,0.703125,532.5,0.6590346534653465
440,157.54299926757812,129.79299926757812,144.58900451660156,6,3,3.0,0.0,0.9782608695652174,738.5,0.9139851485148515
441,161.3730010986328,129.8300018310547,144.61099243164062,7,1,1.0,0.0,0.7453416149068323,569.0,0.7042079207920792
442,163.4080047607422,132.82699584960938,145.69200134277344,7,2,0.0,0.0,0.8035714285714286,640.0,0.7920792079207921
443,166.33900451660156,131.72500610351562,143.48300170898438,8,1,0.0,0.0,0.7336956521739131,562.0,0.6955445544554455
444,168.1060028076172,128.4250030517578,142.6719970703125,8,1,1.0,0.0,0.8571428571428571,672.5,0.8323019801980198
445,170.5019989013672,128.91000366210938,145.63999938964844,4,3,0.0,0.0,1.2173913043478262,799.0,0.9888613861386139
446,167.6580047607422,129.08700561523438,148.1999969482422,6,3,0.0,0.0,1.0227272727272727,760.0,0.9405940594059405
447,165.08599853515625,126.35600280761719,147.48800659179688,8,1,1.0,0.0,0.782608695652174,619.0,0.7660891089108911
448,162.4250030517578,127.83100128173828,149.78900146484375,7,1,1.0,0.0,0.7792207792207791,617.0,0.7636138613861386
449,158.9770050048828,128.21200561523438,148.343994140625,6,3,0.0,0.0,0.9782608695652174,738.5,0.9139851485148515
450,156.49200439453125,130.91600036621094,149.1269989013672,9,0,0.0,0.0,0.6363636363636364,451.0,0.5581683168316832
451,152.92999267578125,129.60800170898438,149.52099609375,8,1,1.0,0.0,0.6358695652173912,450.0,0.556930693069307
452,151.24899291992188,131.66600036621094,146.77200317382812,6,3,1.0,0.0,0.7173913043478262,551.5,0.682549504950495
453,147.468994140625,131.2760009765625,146.63499450683594,7,1,0.0,0.0,0.4968944099378882,288.0,0.3564356435643564
454,146.2740020751953,131.02099609375,143.0260009765625,7,1,0.0,0.0,0.5274725274725275,329.0,0.40717821782178215
455,142.9029998779297,130.5030059814453,141.406005859375,7,1,0.0,0.0,0.39751552795031053,202.0,0.25
456,142.13600158691406,126.96199798583984,140.16400146484375,7,1,0.0,0.0,0.21428571428571427,79.0,0.09777227722772278
457,139.5279998779297,125.70600128173828,137.6009979248047,7,1,0.0,0.0,0.21428571428571427,79.0,0.09777227722772278
458,138.83200073242188,122.7750015258789,135.2740020751953,6,3,0.0,1.0,0.32142857142857145,149.5,0.18502475247524752
459,137.21400451660156,119.31700134277344,135.37899780273438,8,1,1.0,0.0,0.25961538461538464,108.0,0.13366336633663367
460,139.11099243164062,118.00499725341797,138.44400024414062,7,1,0.0,0.0,0.24489795918367346,95.0,0.11757425742574257
461,138.0030059814453,120.70099639892578,140.77099609375,7,2,0.0,0.0,0.2755102040816326,111.0,0.1373762376237624
462,134.3419952392578,120.50700378417969,139.58299255371094,8,1,1.0,0.0,0.28125,115.0,0.14232673267326731
463,134.53900146484375,116.72799682617188,140.26499938964844,7,2,1.0,0.0,0.5934065934065934,409.5,0.5068069306930693
464,135.94900512695312,117.4489974975586,143.7550048828125,5,4,0.0,0.0,0.84,663.0,0.8205445544554455
465,133.13499450683594,119.96900177001953,144.40699768066406,7,1,0.0,0.0,0.4571428571428572,258.5,0.31992574257425743
466,130.63699340820312,117.33499908447266,143.3769989013672,7,1,0.0,0.0,0.5714285714285714,382.0,0.47277227722772275
467,132.4770050048828,115.05000305175781,145.83099365234375,6,3,0.0,0.0,0.9230769230769231,712.0,0.8811881188118812
468,132.11000061035156,117.89800262451172,148.4010009765625,6,3,0.0,0.0,0.75,589.0,0.7289603960396039
469,128.34100341796875,117.76100158691406,148.0,6,2,0.0,0.0,0.717948717948718,553.0,0.6844059405940595
470,128.15899658203125,113.87999725341797,147.89100646972656,6,3,1.0,1.0,0.8750000000000001,684.5,0.8471534653465347
471,131.11399841308594,112.47699737548828,149.90899658203125,6,3,1.0,0.0,0.8750000000000001,684.5,0.8471534653465347
472,130.80799865722656,115.70700073242188,151.97799682617188,7,1,0.0,0.0,0.6666666666666667,505.5,0.6256188118811881
473,134.11700439453125,116.58100128173828,153.71600341796875,8,1,0.0,0.0,0.5625,362.5,0.44863861386138615
474,136.9080047607422,119.197998046875,153.66099548339844,6,3,0.0,0.0,0.75,589.0,0.7289603960396039
475,139.23300170898438,119.28700256347656,150.64999389648438,6,1,0.0,1.0,0.6481481481481483,477.0,0.5903465346534653
476,142.57000732421875,120.99700164794922,150.25,8,1,0.0,1.0,0.5625,362.5,0.44863861386138615
477,144.71299743652344,121.63800048828125,147.1719970703125,6,3,0.0,1.0,0.6250000000000001,436.0,0.5396039603960396
478,148.35400390625,122.18099975585938,146.13900756835938,6,1,0.0,0.0,0.5833333333333334,397.0,0.49133663366336633
479,150.5240020751953,121.86399841308594,143.02699279785156,5,4,0.0,1.0,0.9428571428571428,724.0,0.8960396039603961
480,153.60899353027344,119.87899780273438,141.95899963378906,6,3,0.0,0.0,0.75,589.0,0.7289603960396039
481,157.18499755859375,120.91500091552734,141.0590057373047,6,3,1.0,0.0,0.9782608695652174,738.5,0.9139851485148515
482,159.10299682617188,117.6259994506836,141.343994140625,8,1,1.0,1.0,0.6875000000000001,521.5,0.6454207920792079
483,158.62600708007812,116.31999969482422,137.81500244140625,6,3,0.0,0.0,0.45,246.0,0.30445544554455445
484,154.99899291992188,115.94300079345703,136.7689971923828,7,1,0.0,0.0,0.3116883116883117,143.0,0.17698019801980197
485,153.5469970703125,112.43800354003906,136.99099731445312,8,1,0.0,1.0,0.3375,165.5,0.20482673267326731
486,156.2220001220703,110.00800323486328,138.1009979248047,6,3,0.0,1.0,0.6666666666666666,500.0,0.6188118811881188
487,159.37899780273438,108.38500213623047,136.89700317382812,7,1,0.0,0.0,0.38095238095238093,196.5,0.2431930693069307
488,161.26699829101562,105.36199951171875,138.26400756835938,7,1,0.0,0.0,0.4571428571428572,258.5,0.31992574257425743
489,164.54800415039062,107.16000366210938,139.07699584960938,6,3,0.0,0.0,0.75,589.0,0.7289603960396039
490,166.32400512695312,103.88200378417969,139.86199951171875,8,1,0.0,0.0,0.45000000000000007,251.0,0.31064356435643564
491,162.88699340820312,102.73400115966797,141.18499755859375,8,1,0.0,0.0,0.45000000000000007,251.0,0.31064356435643564
492,162.38800048828125,106.0199966430664,143.1300048828125,6,3,0.0,0.0,0.75,589.0,0.7289603960396039
493,159.30999755859375,108.02200317382812,142.18099975585938,7,0,0.0,0.0,0.5,300.5,0.3719059405940594
494,158.8520050048828,111.66600036621094,141.1280059814453,8,1,0.0,0.0,0.421875,220.5,0.2728960396039604
495,155.69500732421875,113.72200012207031,140.51100158691406,5,3,0.0,0.0,0.5333333333333333,334.5,0.41398514851485146
496,152.12600708007812,112.87300109863281,141.50399780273438,9,0,0.0,0.0,0.36363636363636365,179.0,0.22153465346534654
497,153.21600341796875,109.23500061035156,142.11099243164062,7,2,0.0,0.0,0.5510204081632653,349.0,0.4319306930693069
498,156.093994140625,110.33300018310547,144.41400146484375,6,3,1.0,1.0,0.8333333333333334,660.5,0.817450495049505
499,153.66299438476562,112.58599853515625,146.28900146484375,7,1,0.0,0.0,0.4571428571428572,258.5,0.31992574257425743
500,151.47900390625,109.5199966430664,146.73699951171875,6,3,0.0,0.0,0.6428571428571429,466.0,0.5767326732673267
501,154.35299682617188,107.18399810791016,147.8280029296875,6,3,0.0,0.0,0.75,589.0,0.7289603960396039
502,156.18899536132812,109.3270034790039,150.36700439453125,6,1,0.0,0.0,0.5833333333333334,397.0,0.49133663366336633
503,152.88299560546875,110.55999755859375,151.79800415039062,7,1,0.0,0.0,0.7619047619047619,610.0,0.754950495049505
504,153.14599609375,114.26899719238281,151.2050018310547,5,4,0.0,0.0,0.8181818181818181,652.5,0.807549504950495
505,149.63600158691406,113.82499694824219,149.86900329589844,6,3,0.0,0.0,0.5,300.5,0.3719059405940594
506,146.96400451660156,111.16400146484375,150.22799682617188,6,3,1.0,0.0,0.5625,362.5,0.44863861386138615
507,145.12399291992188,111.93900299072266,147.00900268554688,9,0,0.0,0.0,0.3333333333333333,159.0,0.1967821782178218
508,146.13699340820312,112.7979965209961,143.49400329589844,6,3,0.0,0.0,0.3333333333333333,159.0,0.1967821782178218
509,143.69200134277344,113.45099639892578,140.61399841308594,6,3,0.0,0.0,0.40909090909090906,211.0,0.26113861386138615
510,145.24099731445312,114.81500244140625,137.31500244140625,6,3,0.0,0.0,0.11538461538461539,46.5,0.05754950495049505
511,144.2030029296875,113.38500213623047,133.93600463867188,5,3,0.0,1.0,0.12307692307692308,49.0,0.06064356435643564
512,146.14100646972656,110.39700317382812,135.2010040283203,6,3,0.0,0.0,0.0,22.0,0.027227722772277228
513,146.8769989013672,107.54199981689453,132.74000549316406,6,3,0.0,0.0,0.0,22.0,0.027227722772277228
514,146.28399658203125,104.05999755859375,134.23500061035156,7,2,0.0,0.0,0.1607142857142857,53.0,0.0655940594059406
515,149.13400268554688,101.71800231933594,133.5399932861328,8,1,0.0,1.0,0.22500000000000003,84.5,0.10457920792079207
516,150.99000549316406,98.71900177001953,134.9550018310547,7,1,0.0,0.0,0.2285714285714286,88.0,0.10891089108910891
517,153.83399963378906,100.28600311279297,136.89100646972656,7,1,0.0,0.0,0.38095238095238093,196.5,0.2431930693069307
518,151.41099548339844,102.80999755859375,138.31399536132812,6,3,0.0,0.0,0.5,300.5,0.3719059405940594
519,149.0970001220703,99.80699920654297,139.34800720214844,6,3,0.0,0.0,0.42857142857142855,232.0,0.2871287128712871
520,151.9949951171875,97.99400329589844,140.97500610351562,7,1,1.0,1.0,0.4897959183673469,279.0,0.34529702970297027
521,152.32200622558594,100.76799774169922,143.60800170898438,6,3,1.0,0.0,0.6428571428571429,466.0,0.5767326732673267
522,148.85000610351562,102.20999908447266,143.91000366210938,6,3,0.0,0.0,0.75,589.0,0.7289603960396039
523,145.19500732421875,101.29000091552734,143.75900268554688,8,1,0.0,0.0,0.5625,362.5,0.44863861386138615
524,142.80099487304688,103.10299682617188,141.4199981689453,8,1,0.0,0.0,0.5,300.5,0.3719059405940594
525,139.26400756835938,104.33599853515625,141.0800018310547,6,3,0.0,0.0,0.5,300.5,0.3719059405940594
526,136.8300018310547,103.18199920654297,138.38499450683594,6,3,0.0,0.0,0.42857142857142855,232.0,0.2871287128712871
527,138.2469940185547,104.88099670410156,135.28199768066406,6,3,0.0,0.0,0.3333333333333333,159.0,0.1967821782178218
528,137.19000244140625,108.51399993896484,135.0189971923828,8,1,0.0,0.0,0.5625,362.5,0.44863861386138615
529,137.41200256347656,109.03700256347656,131.19500732421875,6,3,0.0,0.0,0.21428571428571427,79.0,0.09777227722772278
530,138.5970001220703,107.01300048828125,128.23800659179688,7,1,0.0,0.0,0.2285714285714286,88.0,0.10891089108910891
531,141.9010009765625,107.6259994506836,126.58100128173828,6,3,0.0,0.0,0.23076923076923078,90.0,0.11138613861386139
532,144.6750030517578,105.84100341796875,124.8280029296875,5,3,0.0,0.0,0.24615384615384617,96.0,0.1188118811881188
533,147.10299682617188,106.58999633789062,122.1259994506836,7,2,0.0,0.0,0.2571428571428572,105.0,0.12995049504950495
534,145.95599365234375,108.45500183105469,119.03099822998047,8,1,0.0,0.0,0.22500000000000003,84.5,0.10457920792079207
535,148.00399780273438,110.05799865722656,116.2979965209961,6,3,0.0,0.0,0.40909090909090906,211.0,0.26113861386138615
536,147.69200134277344,113.90899658203125,115.46199798583984,9,0,0.0,0.0,0.2,71.0,0.08787128712871287
537,148.072998046875,114.70999908447266,111.63800048828125,6,3,0.0,0.0,0.30000000000000004,134.0,0.16584158415841585
538,146.94900512695312,117.23400115966797,108.98100280761719,4,3,0.0,0.0,0.7954545454545455,632.0,0.7821782178217822
539,144.50999450683594,115.63800048828125,106.61799621582031,6,2,0.0,0.0,0.19047619047619047,66.0,0.08168316831683169
540,144.55799865722656,117.4489974975586,103.1989974975586,8,1,0.0,0.0,0.32142857142857145,149.5,0.18502475247524752
541,143.64500427246094,116.40599822998047,99.60099792480469,8,1,0.0,0.0,0.375,187.0,0.23143564356435645
542,147.16700744628906,115.11599731445312,98.98300170898438,6,3,0.0,0.0,0.21428571428571427,79.0,0.09777227722772278
543,146.17999267578125,112.50299835205078,101.552001953125,6,3,0.0,1.0,0.21428571428571427,79.0,0.09777227722772278
544,144.68499755859375,110.61000061035156,98.75499725341797,6,3,0.0,0.0,0.375,187.0,0.23143564356435645
545,146.3560028076172,110.13700103759766,95.47799682617188,4,3,0.0,0.0,0.2916666666666667,125.5,0.15532178217821782
546,144.10699462890625,110.06099700927734,92.3550033569336,6,3,0.0,0.0,0.6428571428571429,466.0,0.5767326732673267
547,141.8300018310547,107.0459976196289,91.97000122070312,6,3,0.0,0.0,0.6000000000000001,417.0,0.5160891089108911
548,140.66799926757812,105.34600067138672,88.77300262451172,6,3,0.0,0.0,0.5,300.5,0.3719059405940594
549,137.84800720214844,107.14399719238281,86.90299987792969,8,1,0.0,0.0,0.45000000000000007,251.0,0.31064356435643564
550,136.82899475097656,104.51899719238281,84.37000274658203,5,4,0.0,0.0,0.36,176.0,0.21782178217821782
551,138.20700073242188,101.01799774169922,85.01200103759766,7,1,0.0,0.0,0.2285714285714286,88.0,0.10891089108910891
552,136.6510009765625,99.56700134277344,88.30799865722656,6,3,0.0,0.0,0.30000000000000004,134.0,0.16584158415841585
553,133.3159942626953,100.97899627685547,87.20999908447266,8,1,0.0,0.0,0.28125,115.0,0.14232673267326731
554,130.4510040283203,98.5,86.83200073242188,8,1,0.0,0.0,0.22500000000000003,84.5,0.10457920792079207
555,127.28500366210938,99.6709976196289,85.08699798583984,6,3,0.0,0.0,0.0,22.0,0.027227722772277228
556,124.98799896240234,98.1969985961914,82.38400268554688,6,3,0.0,0.0,0.0,22.0,0.027227722772277228
557,123.7030029296875,101.68499755859375,81.36299896240234,6,3,0.0,0.0,0.0,22.0,0.027227722772277228
558,126.11900329589844,101.67500305175781,78.40599822998047,7,0,0.0,0.0,0.0,22.0,0.027227722772277228
559,124.8270034790039,98.16400146484375,77.49700164794922,6,3,0.0,0.0,0.0,22.0,0.027227722772277228
560,121.24400329589844,99.54299926757812,77.39399719238281,9,0,0.0,0.0,0.0,22.0,0.027227722772277228
561,122.40299987792969,102.39700317382812,75.12799835205078,9,0,0.0,0.0,0.0,22.0,0.027227722772277228
562,124.27999877929688,100.16400146484375,72.64299774169922,8,1,0.0,0.0,0.22500000000000003,84.5,0.10457920792079207
563,121.47200012207031,97.5510025024414,72.54100036621094,6,3,0.0,1.0,0.375,187.0,0.23143564356435645
564,118.56600189208984,99.98899841308594,72.05699920654297,9,0,0.0,0.0,0.2,71.0,0.08787128712871287
565,120.447998046875,102.0530014038086,69.48300170898438,5,4,0.0,0.0,0.36,176.0,0.21782178217821782
566,121.28399658203125,98.84200286865234,67.51699829101562,6,3,0.0,1.0,0.30000000000000004,134.0,0.16584158415841585
567,117.60900115966797,97.80899810791016,67.5989990234375,7,2,0.0,0.0,0.2571428571428572,105.0,0.12995049504950495
568,116.0989990234375,101.19400024414062,66.5989990234375,6,3,0.0,0.0,0.30000000000000004,134.0,0.16584158415841585
569,118.7959976196289,101.76499938964844,63.94200134277344,6,3,0.0,0.0,0.30000000000000004,134.0,0.16584158415841585
570,118.08699798583984,98.4229965209961,62.28499984741211,6,3,0.0,0.0,0.30000000000000004,134.0,0.16584158415841585
571,114.35299682617188,99.24500274658203,62.46900177001953,7,2,1.0,0.0,0.2571428571428572,105.0,0.12995049504950495
572,114.70700073242188,102.66699981689453,60.75400161743164,6,3,0.0,0.0,0.6000000000000001,417.0,0.5160891089108911
573,117.04000091552734,101.25800323486328,58.08599853515625,6,3,0.0,0.0,0.75,589.0,0.7289603960396039
574,114.64199829101562,98.48300170898438,57.077999114990234,8,1,0.0,0.0,0.5625,362.5,0.44863861386138615
575,111.84300231933594,101.10800170898438,57.29899978637695,6,3,0.0,1.0,0.8571428571428571,672.5,0.8323019801980198
576,113.68800354003906,103.11799621582031,54.56800079345703,8,1,0.0,0.0,0.8035714285714286,640.0,0.7920792079207921
577,114.26699829101562,99.83599853515625,52.683998107910156,7,1,0.0,0.0,0.8163265306122449,646.5,0.8001237623762376
578,110.447998046875,99.50900268554688,52.54800033569336,6,1,0.0,0.0,0.8333333333333334,660.5,0.817450495049505
579,110.44599914550781,103.23300170898438,51.4640007019043,8,1,0.0,0.0,0.8035714285714286,640.0,0.7920792079207921
580,112.78299713134766,102.10399627685547,48.61800003051758,8,1,1.0,0.0,0.8035714285714286,640.0,0.7920792079207921
581,110.25299835205078,101.81600189208984,45.652000427246094,6,3,0.0,0.0,1.125,779.5,0.9647277227722773
582,108.11199951171875,105.06900024414062,45.124000549316406,6,3,0.0,0.0,1.125,779.5,0.9647277227722773
583,109.81300354003906,107.33499908447266,42.558998107910156,5,3,0.0,0.0,1.2,795.0,0.9839108910891089
584,108.51699829101562,110.66600036621094,43.7869987487793,6,1,0.0,0.0,1.0,752.5,0.9313118811881188
585,110.39399719238281,113.88099670410156,44.270999908447266,8,1,0.0,0.0,0.9642857142857143,732.5,0.906559405940594
586,112.89900207519531,112.6760025024414,41.62799835205078,6,2,1.0,0.0,1.1428571428571428,786.0,0.9727722772277227
587,114.13200378417969,116.22699737548828,41.090999603271484,8,1,0.0,0.0,0.9642857142857143,732.5,0.906559405940594
588,114.63300323486328,116.3740005493164,44.8849983215332,5,2,0.0,0.0,1.2,795.0,0.9839108910891089
589,116.77300262451172,113.25199890136719,44.25,6,3,0.0,0.0,1.2857142857142858,803.5,0.994430693069307
590,120.16899871826172,112.68699645996094,42.891998291015625,7,1,1.0,0.0,0.9795918367346939,742.0,0.9183168316831684
591,118.53299713134766,109.81800079345703,40.90299987792969,6,3,0.0,0.0,1.2857142857142858,803.5,0.994430693069307
592,121.0270004272461,107.4540023803711,42.50699996948242,7,1,0.0,0.0,0.9795918367346939,742.0,0.9183168316831684
593,119.98100280761719,104.86900329589844,45.08100128173828,6,3,0.0,0.0,1.2857142857142858,803.5,0.994430693069307
594,116.38200378417969,104.53800201416016,46.29600143432617,6,3,1.0,1.0,1.125,779.5,0.9647277227722773
595,117.61799621582031,105.2770004272461,49.82400131225586,8,1,1.0,0.0,0.8035714285714286,640.0,0.7920792079207921
596,119.38300323486328,108.23300170898438,48.15299987792969,6,3,1.0,0.0,1.2857142857142858,803.5,0.994430693069307
597,122.51699829101562,109.42900085449219,49.941001892089844,6,3,0.0,0.0,1.2857142857142858,803.5,0.994430693069307
598,120.91500091552734,107.7300033569336,53.082000732421875,6,3,0.0,0.0,1.2500000000000002,800.0,0.9900990099009901
599,123.05500030517578,104.81600189208984,54.23699951171875,8,1,0.0,0.0,0.75,589.0,0.7289603960396039
600,122.70600128173828,102.21399688720703,57.0099983215332,6,3,0.0,0.0,0.9375,721.0,0.8923267326732673
601,126.0999984741211,101.63999938964844,58.51900100708008,7,2,0.0,0.0,0.7714285714285714,613.5,0.7592821782178217
602,126.8949966430664,105.11100006103516,57.26300048828125,5,3,0.0,0.0,1.0666666666666667,768.0,0.9504950495049505
603,124.23500061035156,107.77999877929688,57.902000427246094,7,1,0.0,0.0,0.4571428571428572,258.5,0.31992574257425743
604,121.90399932861328,105.9540023803711,60.345001220703125,6,3,0.0,0.0,0.5,300.5,0.3719059405940594
605,124.61799621582031,105.63899993896484,63.03799819946289,7,2,0.0,0.0,0.3214285714285714,145.5,0.18007425742574257
606,125.86000061035156,109.23699951171875,62.64699935913086,7,0,0.0,0.0,0.0,22.0,0.027227722772277228
607,122.2239990234375,110.40799713134766,62.935001373291016,6,3,0.0,0.0,0.0,22.0,0.027227722772277228
608,121.64299774169922,108.49600219726562,66.04199981689453,6,3,0.0,0.0,0.0,22.0,0.027227722772277228
609,124.7750015258789,109.74400329589844,67.80899810791016,7,0,0.0,0.0,0.0,22.0,0.027227722772277228
610,124.53500366210938,113.30599975585938,66.4800033569336,6,3,0.0,0.0,0.0,22.0,0.027227722772277228
611,121.27100372314453,113.91500091552734,68.41600036621094,5,4,0.0,1.0,0.0,22.0,0.027227722772277228
612,122.51499938964844,111.86399841308594,71.33000183105469,6,3,0.0,0.0,0.0,22.0,0.027227722772277228
613,124.76699829101562,114.97799682617188,71.59400177001953,8,1,0.0,0.0,0.0,22.0,0.027227722772277228
614,121.9749984741211,117.43599700927734,70.6500015258789,8,1,0.0,1.0,0.0,22.0,0.027227722772277228
615,123.45999908447266,118.41999816894531,67.1240005493164,8,1,0.0,0.0,0.0,22.0,0.027227722772277228
616,120.74299621582031,118.82499694824219,64.4469985961914,6,3,0.0,1.0,0.0,22.0,0.027227722772277228
617,121.64299774169922,116.51300048828125,61.63100051879883,6,3,0.0,0.0,0.0,22.0,0.027227722772277228
618,120.18900299072266,117.09500122070312,58.10100173950195,6,3,0.0,0.0,0.30000000000000004,134.0,0.16584158415841585
619,120.01100158691406,114.54399871826172,55.28799819946289,6,3,0.0,0.0,1.125,779.5,0.9647277227722773
620,118.48799896240234,114.33899688720703,51.805999755859375,7,1,0.0,0.0,0.9523809523809524,727.5,0.9003712871287128
621,115.76300048828125,111.8290023803711,51.04899978637695,8,1,0.0,0.0,0.9642857142857143,732.5,0.906559405940594
622,114.04199981689453,112.06099700927734,47.75600051879883,6,3,0.0,0.0,1.2857142857142858,803.5,0.994430693069307
623,111.35299682617188,109.54000091552734,48.37900161743164,7,1,0.0,0.0,0.9795918367346939,742.0,0.9183168316831684
624,110.48500061035156,111.33899688720703,51.60300064086914,6,3,0.0,0.0,1.0714285714285716,769.5,0.9523514851485149
625,111.73799896240234,111.53500366210938,55.10499954223633,6,3,0.0,0.0,0.8571428571428571,672.5,0.8323019801980198
626,109.13800048828125,111.15699768066406,57.80400085449219,6,3,0.0,0.0,0.9,700.0,0.8663366336633663
627,110.30500030517578,108.21299743652344,59.90700149536133,8,1,0.0,0.0,0.5625,362.5,0.44863861386138615
628,113.65799713134766,109.8499984741211,60.821998596191406,7,1,0.0,0.0,0.2857142857142857,121.5,0.15037128712871287
629,111.55400085449219,111.99700164794922,63.1619987487793,7,2,0.0,0.0,0.21428571428571427,79.0,0.09777227722772278
630,110.5,108.80000305175781,64.99400329589844,9,0,0.0,0.0,0.2,71.0,0.08787128712871287
631,114.1259994506836,108.21900177001953,66.05400085449219,6,3,0.0,1.0,0.30000000000000004,134.0,0.16584158415841585
632,114.50299835205078,111.9540023803711,66.96399688720703,6,3,0.0,0.0,0.0,22.0,0.027227722772277228
633,111.76399993896484,111.34200286865234,69.54399871826172,6,3,0.0,0.0,0.0,22.0,0.027227722772277228
634,114.69599914550781,109.68699645996094,71.43099975585938,7,0,0.0,0.0,0.0,22.0,0.027227722772277228
635,116.58699798583984,112.98699951171875,70.90599822998047,6,3,0.0,0.0,0.0,22.0,0.027227722772277228
636,114.11799621582031,114.86699676513672,73.18900299072266,8,1,0.0,0.0,0.0,22.0,0.027227722772277228
637,114.5979995727539,111.9800033569336,75.69000244140625,8,1,0.0,1.0,0.0,22.0,0.027227722772277228
638,118.375,112.48400115966797,74.9469985961914,6,3,0.0,0.0,0.0,22.0,0.027227722772277228
639,117.93199920654297,115.91000366210938,76.572998046875,6,3,0.0,0.0,0.0,22.0,0.027227722772277228
640,116.5739974975586,113.9800033569336,79.56900024414062,7,2,0.0,0.0,0.0,22.0,0.027227722772277228
641,119.6259994506836,111.59400177001953,79.25,8,1,0.0,0.0,0.0,22.0,0.027227722772277228
642,121.66600036621094,114.8499984741211,79.33999633789062,5,4,0.0,0.0,0.0,22.0,0.027227722772277228
643,119.63899993896484,116.15799713134766,82.34400177001953,6,3,0.0,0.0,0.0,22.0,0.027227722772277228
644,119.89299774169922,112.86100006103516,84.24500274658203,8,1,0.0,0.0,0.0,22.0,0.027227722772277228
645,123.7300033569336,112.94499969482422,83.88800048828125,6,1,0.0,0.0,0.0,22.0,0.027227722772277228
646,123.61900329589844,116.6760025024414,84.79900360107422,6,3,0.0,0.0,0.375,187.0,0.23143564356435645
647,121.57099914550781,115.76000213623047,87.90499877929688,6,3,0.0,0.0,0.375,187.0,0.23143564356435645
648,123.53399658203125,112.56500244140625,88.75199890136719,8,1,0.0,0.0,0.375,187.0,0.23143564356435645
649,126.76699829101562,114.56199645996094,88.5250015258789,5,4,0.0,0.0,0.72,556.0,0.6881188118811881
650,125.02100372314453,117.31300354003906,90.4739990234375,6,3,0.0,0.0,0.6000000000000001,417.0,0.5160891089108911
651,124.31300354003906,114.42500305175781,92.98799896240234,6,3,0.0,0.0,0.6000000000000001,417.0,0.5160891089108911
652,128.0260009765625,113.44300079345703,93.25800323486328,8,1,0.0,0.0,0.45000000000000007,251.0,0.31064356435643564
653,129.4969940185547,116.9729995727539,93.0260009765625,9,0,0.0,0.0,0.2857142857142857,121.5,0.15037128712871287
654,127.3270034790039,118.37899780273438,95.85199737548828,7,2,0.0,0.0,0.5142857142857143,321.0,0.3972772277227723
655,128.32899475097656,115.5530014038086,98.2699966430664,7,1,0.0,0.0,0.4571428571428572,258.5,0.31992574257425743
656,131.49899291992188,113.46600341796875,98.59100341796875,7,1,0.0,0.0,0.2857142857142857,121.5,0.15037128712871287
657,133.67100524902344,111.31400299072266,100.89800262451172,7,1,0.0,0.0,0.0,22.0,0.027227722772277228
658,137.15699768066406,112.31099700927734,102.12899780273438,8,1,0.0,0.0,0.0,22.0,0.027227722772277228
659,139.9949951171875,110.0739974975586,103.40399932861328,6,3,0.0,0.0,0.16666666666666666,56.0,0.06930693069306931
660,143.37600708007812,110.3489990234375,105.25,8,1,0.0,0.0,0.125,50.0,0.06188118811881188
661,146.93600463867188,108.95099639892578,104.6989974975586,7,1,0.0,0.0,0.19047619047619047,66.0,0.08168316831683169
662,148.11000061035156,107.15299987792969,107.84200286865234,6,3,0.0,0.0,0.1875,61.0,0.07549504950495049
663,145.7550048828125,104.51399993896484,109.30400085449219,6,3,0.0,1.0,0.5,300.5,0.3719059405940594
664,147.46400451660156,103.60700225830078,112.56600189208984,6,3,0.0,1.0,0.40909090909090906,211.0,0.26113861386138615
665,150.43099975585938,102.05799865722656,114.3740005493164,6,3,0.0,0.0,0.5454545454545455,345.5,0.4275990099009901
666,150.29400634765625,99.04299926757812,112.0270004272461,8,1,0.0,0.0,0.5113636363636364,317.0,0.39232673267326734
667,151.6580047607422,101.16600036621094,109.14299774169922,8,1,0.0,0.0,0.6250000000000001,436.0,0.5396039603960396
668,155.2740020751953,100.47699737548828,108.1709976196289,7,1,0.0,0.0,0.6530612244897959,482.0,0.5965346534653465
669,155.6699981689453,104.18199920654297,107.63500213623047,7,1,0.0,0.0,0.5714285714285714,382.0,0.47277227722772275
670,156.4029998779297,104.18199920654297,111.39600372314453,8,1,0.0,0.0,0.6428571428571429,466.0,0.5767326732673267
671,157.95700073242188,100.72699737548828,111.51699829101562,7,1,0.0,0.0,0.5714285714285714,382.0,0.47277227722772275
672,160.34100341796875,101.17500305175781,108.5719985961914,6,2,0.0,0.0,0.7619047619047619,610.0,0.754950495049505
673,161.10800170898438,104.91999816894531,108.39700317382812,6,3,1.0,0.0,1.0,752.5,0.9313118811881188
674,164.27000427246094,104.64199829101562,106.23799896240234,8,1,0.0,0.0,0.75,589.0,0.7289603960396039
675,162.51199340820312,102.48799896240234,103.61699676513672,8,1,1.0,0.0,0.6428571428571429,466.0,0.5767326732673267
676,160.60499572753906,105.69400024414062,102.69499969482422,6,1,0.0,0.0,0.5185185185185185,322.5,0.39913366336633666
677,162.36599731445312,108.89199829101562,101.57599639892578,6,3,0.0,1.0,0.8571428571428571,672.5,0.8323019801980198
678,162.4409942626953,111.40399932861328,103.33799743652344,6,3,0.0,0.0,0.8571428571428571,672.5,0.8323019801980198
679,162.55799865722656,109.61100006103516,106.75399780273438,6,3,0.0,0.0,1.0,752.5,0.9313118811881188
680,159.68299865722656,110.4209976196289,109.09300231933594,8,1,0.0,0.0,0.6428571428571429,466.0,0.5767326732673267
681,159.40499877929688,112.78800201416016,112.01599884033203,4,4,1.0,0.0,1.1428571428571428,786.0,0.9727722772277227
682,157.19700622558594,111.84100341796875,114.98899841308594,8,1,0.0,0.0,0.6428571428571429,466.0,0.5767326732673267
683,157.802001953125,112.89099884033203,118.5989990234375,6,3,0.0,0.0,0.6428571428571429,466.0,0.5767326732673267
684,156.8280029296875,112.35099792480469,122.20099639892578,6,3,0.0,0.0,0.42857142857142855,232.0,0.2871287128712871
685,157.09800720214844,114.25399780273438,125.54100036621094,6,3,0.0,0.0,0.25,98.5,0.1219059405940594
686,160.0850067138672,112.75199890136719,127.42500305175781,6,3,0.0,0.0,0.0,22.0,0.027227722772277228
687,159.35800170898438,110.24199676513672,130.18600463867188,8,1,0.0,0.0,0.0,22.0,0.027227722772277228
688,155.73199462890625,109.93599700927734,129.15499877929688,5,3,0.0,0.0,0.0,22.0,0.027227722772277228
689,153.6959991455078,106.76499938964844,129.7429962158203,8,1,0.0,0.0,0.0,22.0,0.027227722772277228
690,153.43299865722656,106.15299987792969,125.9729995727539,6,3,0.0,1.0,0.16666666666666666,56.0,0.06930693069306931
691,157.18099975585938,106.00700378417969,125.72200012207031,7,1,0.0,0.0,0.19047619047619047,66.0,0.08168316831683169
692,157.23599243164062,103.20700073242188,128.30299377441406,6,2,0.0,0.0,0.19047619047619047,66.0,0.08168316831683169
693,154.4739990234375,101.33300018310547,126.44000244140625,8,1,0.0,0.0,0.28125,115.0,0.14232673267326731
694,156.35000610351562,101.71700286865234,123.14800262451172,7,2,0.0,0.0,0.42857142857142855,232.0,0.2871287128712871
695,159.56700134277344,100.56300354003906,124.8949966430664,5,4,0.0,1.0,0.36,176.0,0.21782178217821782
696,157.56199645996094,97.41300201416016,125.66600036621094,8,1,0.0,0.0,0.32142857142857145,149.5,0.18502475247524752
697,156.53199768066406,97.35299682617188,121.92500305175781,8,1,0.0,0.0,0.32142857142857145,149.5,0.18502475247524752
698,159.33299255371094,98.7229995727539,119.64299774169922,6,1,0.0,0.0,0.46666666666666673,269.0,0.33292079207920794
699,162.8070068359375,99.61599731445312,121.12699890136719,6,3,0.0,0.0,0.75,589.0,0.7289603960396039
700,164.3979949951172,100.24700164794922,117.68599700927734,6,1,0.0,0.0,0.9333333333333335,717.0,0.8873762376237624
701,161.6199951171875,102.76300048828125,116.99500274658203,9,0,1.0,0.0,0.75,589.0,0.7289603960396039
702,162.6269989013672,104.52999877929688,120.25700378417969,8,1,0.0,0.0,0.675,510.0,0.6311881188118812
703,166.22799682617188,104.64099884033203,118.92900085449219,7,1,0.0,0.0,0.8571428571428571,672.5,0.8323019801980198
704,164.82899475097656,106.6240005493164,115.97000122070312,6,1,0.0,0.0,0.7777777777777778,615.0,0.7611386138613861
705,162.30799865722656,108.60399627685547,118.1500015258789,9,0,0.0,0.0,0.42857142857142855,232.0,0.2871287128712871
706,164.88400268554688,110.03800201416016,120.65499877929688,6,3,0.0,0.0,0.6428571428571429,466.0,0.5767326732673267
707,165.9709930419922,112.61499786376953,118.0260009765625,7,1,0.0,0.0,0.7619047619047619,610.0,0.754950495049505
708,162.43699645996094,114.13300323486328,118.14800262451172,8,1,0.0,0.0,0.5625,362.5,0.44863861386138615
709,161.8769989013672,115.31099700927734,121.75,8,1,0.0,0.0,0.32142857142857145,149.5,0.18502475247524752
710,159.7760009765625,118.38800048828125,122.6449966430664,7,1,0.0,0.0,0.38095238095238093,196.5,0.2431930693069307
711,159.33399963378906,120.52899932861328,125.76899719238281,7,1,0.0,0.0,0.19047619047619047,66.0,0.08168316831683169
712,155.72300720214844,121.77200317382812,125.55500030517578,5,3,0.0,1.0,0.2,71.0,0.08787128712871287
713,152.3679962158203,121.96800231933594,123.81600189208984,6,3,0.0,0.0,0.375,187.0,0.23143564356435645
714,153.08299255371094,124.91300201416016,121.5,7,1,0.0,0.0,0.4571428571428572,258.5,0.31992574257425743
715,156.2220001220703,123.13999938964844,120.30400085449219,8,1,0.0,0.0,0.5625,362.5,0.44863861386138615
716,153.82200622558594,120.51200103759766,118.80799865722656,6,3,1.0,0.0,0.5625,362.5,0.44863861386138615
717,151.3489990234375,123.12799835205078,117.61100006103516,6,2,0.0,0.0,0.6666666666666666,500.0,0.6188118811881188
718,153.88999938964844,125.41300201416016,115.93399810791016,6,3,0.0,0.0,0.75,589.0,0.7289603960396039
719,155.9239959716797,122.39900207519531,114.69400024414062,8,1,0.0,0.0,0.6250000000000001,436.0,0.5396039603960396
720,152.85800170898438,121.11699676513672,112.81600189208984,5,4,0.0,0.0,1.0,752.5,0.9313118811881188
721,151.83099365234375,124.58499908447266,111.62000274658203,7,1,0.0,0.0,0.634920634920635,447.5,0.5538366336633663
722,155.42999267578125,125.09700012207031,110.3239974975586,6,3,2.0,0.0,1.0,752.5,0.9313118811881188
723,155.83399963378906,121.40899658203125,109.24500274658203,6,3,0.0,0.0,0.8571428571428571,672.5,0.8323019801980198
724,158.86399841308594,120.6780014038086,111.44499969482422,7,1,0.0,0.0,0.6530612244897959,482.0,0.5965346534653465
725,157.39100646972656,117.29000091552734,112.46800231933594,5,4,0.0,1.0,1.0285714285714285,762.5,0.9436881188118812
726,154.8520050048828,115.11399841308594,110.62000274658203,8,1,0.0,0.0,0.5625,362.5,0.44863861386138615
727,152.30999755859375,114.32499694824219,113.29100036621094,6,3,0.0,0.0,0.5,300.5,0.3719059405940594
728,152.17100524902344,113.0979995727539,116.88600158691406,8,1,0.0,1.0,0.3375,165.5,0.20482673267326731
729,151.15499877929688,110.43399810791016,119.21199798583984,7,2,0.0,0.0,0.45918367346938777,263.0,0.3254950495049505
730,149.9219970703125,111.22799682617188,122.75299835205078,6,1,0.0,1.0,0.35897435897435903,173.5,0.21472772277227722
731,147.1479949951172,111.375,125.3489990234375,8,1,0.0,0.0,0.1875,61.0,0.07549504950495049
732,144.43499755859375,111.37699890136719,122.8030014038086,6,3,0.0,1.0,0.30000000000000004,134.0,0.16584158415841585
733,141.5780029296875,113.13300323486328,124.5459976196289,6,3,0.0,1.0,0.13636363636363638,51.0,0.06311881188118812
734,144.04800415039062,116.05599975585938,125.01399993896484,6,3,0.0,1.0,0.0,22.0,0.027227722772277228
735,144.53199768066406,116.05699920654297,121.22899627685547,6,2,0.0,0.0,0.3333333333333333,159.0,0.1967821782178218
736,140.71800231933594,115.9540023803711,120.70600128173828,8,1,0.0,0.0,0.28125,115.0,0.14232673267326731
737,140.41099548339844,119.13700103759766,122.83599853515625,6,1,0.0,0.0,0.11666666666666668,48.0,0.0594059405940594
738,143.17799377441406,120.88600158691406,120.88800048828125,7,1,0.0,0.0,0.2077922077922078,74.0,0.09158415841584158
739,141.6909942626953,119.6969985961914,117.5790023803711,6,3,0.0,0.0,0.40909090909090906,211.0,0.26113861386138615
740,138.5989990234375,121.89299774169922,118.08599853515625,6,3,0.0,0.0,0.27272727272727276,109.5,0.13551980198019803
741,140.60299682617188,125.00199890136719,118.91400146484375,7,2,0.0,0.0,0.23376623376623376,91.0,0.11262376237623763
742,142.79600524902344,125.39099884033203,115.8280029296875,8,1,1.0,0.0,0.421875,220.5,0.2728960396039604
743,143.04100036621094,128.33799743652344,113.45800018310547,7,1,0.0,0.0,0.634920634920635,447.5,0.5538366336633663
744,140.92100524902344,127.052001953125,110.55699920654297,6,3,1.0,0.0,0.3333333333333333,159.0,0.1967821782178218
745,140.99200439453125,123.46800231933594,111.90899658203125,7,1,0.0,0.0,0.2857142857142857,121.5,0.15037128712871287
746,143.46400451660156,121.99099731445312,109.40799713134766,7,1,0.0,0.0,0.6530612244897959,482.0,0.5965346534653465
747,145.21299743652344,119.76200103759766,111.95500183105469,5,4,0.0,1.0,0.8999999999999999,693.0,0.8576732673267327
748,143.06100463867188,116.71099853515625,112.53199768066406,6,3,0.0,0.0,0.6428571428571429,466.0,0.5767326732673267
749,143.97500610351562,113.64399719238281,114.48699951171875,6,3,0.0,1.0,0.30000000000000004,134.0,0.16584158415841585
750,144.23300170898438,109.97699737548828,113.61699676513672,7,2,1.0,1.0,0.3214285714285714,145.5,0.18007425742574257
751,141.54600524902344,109.02100372314453,111.34200286865234,6,3,0.0,0.0,0.40909090909090906,211.0,0.26113861386138615
752,138.18800354003906,109.47100067138672,112.9010009765625,8,1,0.0,0.0,0.28125,115.0,0.14232673267326731
753,138.95599365234375,108.85399627685547,116.61000061035156,6,3,0.0,0.0,0.375,187.0,0.23143564356435645
754,140.44500732421875,105.40899658203125,116.17500305175781,6,1,0.0,1.0,0.2916666666666667,125.5,0.15532178217821782
755,142.1790008544922,104.69999694824219,119.50499725341797,7,2,1.0,0.0,0.2571428571428572,105.0,0.12995049504950495
756,145.29800415039062,102.46499633789062,119.7490005493164,8,1,1.0,0.0,0.24107142857142858,93.0,0.1150990099009901
757,146.92100524902344,101.33300018310547,123.14399719238281,6,3,0.0,1.0,0.30000000000000004,134.0,0.16584158415841585
758,143.5469970703125,102.28500366210938,124.79499816894531,6,3,0.0,0.0,0.25,98.5,0.1219059405940594
759,144.06199645996094,103.13999938964844,128.4929962158203,6,3,0.0,1.0,0.27272727272727276,109.5,0.13551980198019803
760,141.71800231933594,104.19400024414062,131.2790069580078,6,3,0.0,0.0,0.3333333333333333,159.0,0.1967821782178218
761,142.11099243164062,107.30699920654297,133.53700256347656,6,1,0.0,1.0,0.0,22.0,0.027227722772277228
762,142.22000122070312,106.83699798583984,137.2550048828125,5,3,0.0,0.0,0.4,204.0,0.2524752475247525
763,142.25900268554688,108.59100341796875,140.52699279785156,7,2,0.0,0.0,0.5510204081632653,349.0,0.4319306930693069
764,145.2550048828125,107.76100158691406,142.6929931640625,6,3,0.0,0.0,0.5,300.5,0.3719059405940594
765,144.28700256347656,106.16300201416016,146.05999755859375,6,3,0.0,0.0,0.8571428571428571,672.5,0.8323019801980198
766,146.97300720214844,104.86599731445312,148.41299438476562,7,1,0.0,0.0,0.5714285714285714,382.0,0.47277227722772275
767,146.875,101.1259994506836,149.1230010986328,7,1,0.0,0.0,0.6530612244897959,482.0,0.5965346534653465
768,144.79600524902344,100.00299835205078,152.12600708007812,6,3,0.0,0.0,1.0,752.5,0.9313118811881188
769,142.7760009765625,103.21399688720703,152.03799438476562,6,3,0.0,0.0,0.9375,721.0,0.8923267326732673
770,139.072998046875,103.04499816894531,153.11900329589844,6,3,0.0,0.0,0.9375,721.0,0.8923267326732673
771,138.2259979248047,105.36799621582031,150.21800231933594,7,0,0.0,0.0,0.625,432.0,0.5346534653465347
772,137.76100158691406,103.0479965209961,147.1999969482422,7,1,0.0,1.0,0.6530612244897959,482.0,0.5965346534653465
773,134.1580047607422,102.01899719238281,147.6820068359375,7,2,0.0,0.0,0.6428571428571428,453.5,0.5612623762376238
774,132.6840057373047,105.42500305175781,148.51699829101562,7,1,0.0,0.0,0.5714285714285714,382.0,0.47277227722772275
775,134.40499877929688,107.26000213623047,145.6320037841797,7,2,1.0,1.0,0.7142857142857143,545.5,0.6751237623762376
776,133.53799438476562,104.44499969482422,143.156005859375,8,1,1.0,0.0,0.6136363636363636,424.0,0.5247524752475248
777,129.8470001220703,104.51499938964844,144.2030029296875,5,4,0.0,1.0,1.0799999999999998,771.0,0.9542079207920792
778,129.85499572753906,108.30599975585938,143.88900756835938,6,3,0.0,0.0,0.9,700.0,0.8663366336633663
779,131.46600341796875,108.2750015258789,140.4080047607422,6,2,0.0,0.0,0.7999999999999999,633.5,0.7840346534653465
780,129.156005859375,105.56300354003906,139.0970001220703,6,3,0.0,0.0,0.8181818181818181,652.5,0.807549504950495
781,126.20700073242188,107.72200012207031,140.2209930419922,7,1,0.0,0.0,0.6857142857142857,518.5,0.6417079207920792
782,127.73100280761719,110.75800323486328,138.41600036621094,8,1,0.0,0.0,0.7875,622.5,0.7704207920792079
783,128.13699340820312,108.61799621582031,135.26300048828125,6,3,0.0,0.0,0.9545454545454546,729.5,0.9028465346534653
784,124.61699676513672,107.19599914550781,135.78599548339844,6,3,1.0,0.0,1.0,752.5,0.9313118811881188
785,122.84400177001953,110.56800079345703,136.05799865722656,8,1,0.0,0.0,0.7875,622.5,0.7704207920792079
786,124.21399688720703,112.30999755859375,132.9029998779297,6,3,0.0,0.0,1.125,779.5,0.9647277227722773
787,126.07499694824219,115.1510009765625,134.62399291992188,7,1,0.0,0.0,0.9523809523809524,727.5,0.9003712871287128
788,129.13999938964844,113.79199981689453,132.86300659179688,9,0,0.0,0.0,0.8,636.0,0.7871287128712872
789,127.55599975585938,114.95899963378906,129.57400512695312,7,1,0.0,0.0,0.5714285714285714,382.0,0.47277227722772275
790,127.0009994506836,118.38700103759766,131.1790008544922,7,1,0.0,0.0,0.6530612244897959,482.0,0.5965346534653465
791,130.7100067138672,118.38800048828125,131.9429931640625,5,4,0.0,0.0,1.2,795.0,0.9839108910891089
792,131.30099487304688,117.3759994506836,128.2830047607422,7,1,0.0,0.0,0.38095238095238093,196.5,0.2431930693069307
793,129.22000122070312,120.3499984741211,127.0250015258789,6,3,0.0,0.0,0.5,300.5,0.3719059405940594
794,131.18499755859375,122.66200256347656,129.35699462890625,5,4,0.0,0.0,0.44999999999999996,245.0,0.3032178217821782
795,134.7259979248047,121.63200378417969,128.3719940185547,7,0,0.0,0.0,0.16666666666666666,56.0,0.06930693069306931
796,135.093994140625,119.10299682617188,125.4749984741211,6,3,0.0,0.0,0.15000000000000002,52.0,0.06435643564356436
797,133.87399291992188,120.40599822998047,122.19999694824219,6,3,0.0,0.0,0.3333333333333333,159.0,0.1967821782178218
798,135.35000610351562,123.11599731445312,119.98600006103516,6,3,0.0,1.0,0.30000000000000004,134.0,0.16584158415841585
799,134.66600036621094,123.26399993896484,116.26899719238281,7,2,0.0,0.0,0.2857142857142857,121.5,0.15037128712871287
800,135.48699951171875,119.68699645996094,115.1240005493164,7,1,0.0,0.0,0.3116883116883117,143.0,0.17698019801980197
801,132.3730010986328,117.86599731445312,116.40399932861328,8,1,0.0,1.0,0.25,98.5,0.1219059405940594
802,130.3979949951172,120.63899993896484,114.63300323486328,8,1,0.0,1.0,0.25,98.5,0.1219059405940594
803,132.19700622558594,119.41000366210938,111.427001953125,7,1,0.0,0.0,0.25396825396825395,101.5,0.12561881188118812
804,131.7050018310547,121.46800231933594,108.2509994506836,7,1,0.0,0.0,0.25396825396825395,101.5,0.12561881188118812
805,130.98899841308594,118.87699890136719,105.50199890136719,8,1,0.0,1.0,0.1875,61.0,0.07549504950495049
806,134.68899536132812,118.10700225830078,104.66500091552734,7,1,0.0,0.0,0.16326530612244897,54.0,0.06683168316831684
807,134.83999633789062,118.88600158691406,100.9000015258789,6,3,0.0,1.0,0.5,300.5,0.3719059405940594
808,136.8350067138672,121.57599639892578,99.0790023803711,9,0,0.0,0.0,0.42857142857142855,232.0,0.2871287128712871
809,135.93899536132812,124.96600341796875,97.60800170898438,8,1,0.0,0.0,0.5625,362.5,0.44863861386138615
810,138.30599975585938,125.10600280761719,94.65399932861328,8,1,0.0,0.0,0.375,187.0,0.23143564356435645
811,138.0959930419922,121.43699645996094,93.5999984741211,7,1,0.0,0.0,0.2857142857142857,121.5,0.15037128712871287
812,134.2550048828125,121.5469970703125,93.61000061035156,5,4,0.0,1.0,0.5142857142857142,320.0,0.39603960396039606
813,134.39500427246094,124.23600006103516,90.85800170898438,8,1,0.0,0.0,0.421875,220.5,0.2728960396039604
814,137.947998046875,123.38700103759766,89.5,7,2,1.0,0.0,0.5510204081632653,349.0,0.4319306930693069
815,137.5229949951172,119.6240005493164,89.0979995727539,8,1,1.0,0.0,0.48214285714285715,275.5,0.3409653465346535
816,140.61300659179688,117.38500213623047,88.76300048828125,8,1,0.0,0.0,0.421875,220.5,0.2728960396039604
817,139.24600219726562,113.88700103759766,88.21800231933594,9,0,0.0,0.0,0.5,300.5,0.3719059405940594
818,141.33099365234375,111.5989990234375,85.9540023803711,6,3,0.0,2.0,0.6428571428571429,466.0,0.5767326732673267
819,138.36099243164062,111.30599975585938,83.55400085449219,6,3,0.0,0.0,0.5625,362.5,0.44863861386138615
820,139.4759979248047,112.76399993896484,80.2750015258789,6,3,1.0,0.0,0.5625,362.5,0.44863861386138615
821,142.8459930419922,110.94200134277344,80.60399627685547,8,1,0.0,0.0,0.6250000000000001,436.0,0.5396039603960396
822,141.0229949951172,107.54499816894531,80.4540023803711,6,1,0.0,0.0,0.5833333333333334,397.0,0.49133663366336633
823,138.77200317382812,108.97000122070312,77.67400360107422,9,0,0.0,0.0,0.5,300.5,0.3719059405940594
824,141.8000030517578,110.26000213623047,75.61199951171875,5,4,0.0,0.0,0.8999999999999999,693.0,0.8576732673267327
825,143.41900634765625,106.84700012207031,76.13500213623047,6,3,0.0,0.0,0.75,589.0,0.7289603960396039
826,140.16700744628906,105.21099853515625,74.91200256347656,6,3,0.0,1.0,0.6666666666666666,500.0,0.6188118811881188
827,140.0780029296875,107.59700012207031,71.87899780273438,6,3,0.0,0.0,0.6666666666666666,500.0,0.6188118811881188
828,143.72900390625,106.78099822998047,71.01399993896484,9,0,0.0,0.0,0.4444444444444444,243.5,0.30136138613861385
829,143.00900268554688,103.08599853515625,71.56199645996094,6,3,0.0,1.0,0.8181818181818181,652.5,0.807549504950495
830,140.08299255371094,103.38600158691406,69.08599853515625,6,3,0.0,0.0,1.0,752.5,0.9313118811881188
831,142.36399841308594,105.15799713134766,66.54199981689453,8,1,0.0,0.0,0.7159090909090909,549.0,0.6794554455445545
832,144.79400634765625,102.21700286865234,66.83699798583984,6,3,1.0,0.0,0.8076923076923077,643.5,0.7964108910891089
833,141.95899963378906,99.65699768066406,66.61399841308594,7,2,1.0,0.0,0.8181818181818181,652.5,0.807549504950495
834,140.656005859375,101.31900024414062,63.38199996948242,6,3,0.0,0.0,0.8181818181818181,652.5,0.807549504950495
835,143.72999572753906,102.37699890136719,61.34299850463867,8,1,0.0,1.0,0.7159090909090909,549.0,0.6794554455445545
836,145.50399780273438,98.99500274658203,61.48400115966797,7,2,1.0,0.0,0.8181818181818181,652.5,0.807549504950495
837,142.7429962158203,97.31800079345703,59.36899948120117,7,0,0.0,0.0,0.5454545454545454,344.0,0.42574257425742573
838,144.0800018310547,98.23100280761719,55.94300079345703,7,1,0.0,0.0,0.6233766233766234,430.5,0.5327970297029703
839,142.54800415039062,96.18199920654297,53.14099884033203,8,1,2.0,0.0,0.6136363636363636,424.0,0.5247524752475248
840,145.5189971923828,94.0479965209961,52.04499816894531,6,3,1.0,1.0,0.8181818181818181,652.5,0.807549504950495
841,142.96099853515625,91.43800354003906,51.00199890136719,8,1,0.0,0.0,0.6562500000000001,493.0,0.6101485148514851
