aaNum,mis_pos,syn_pos,mis_AC,syn_AC,MTR,MTR_rank,MTR_centile
1,9,0,,,0.48263888888888884,254.0,0.17337883959044367
2,6,3,,,0.48366013071895425,258.0,0.17610921501706484
3,6,2,,,0.474006116207951,242.0,0.16518771331058021
4,6,3,,,0.7130434782608696,722.0,0.4928327645051195
5,6,3,,,0.8170011806375442,923.0,0.6300341296928328
6,6,1,,,0.8956692913385828,1082.0,0.7385665529010239
7,7,0,,,0.797827903091061,892.0,0.6088737201365187
8,6,3,,,0.6540222367560498,561.0,0.38293515358361774
9,5,4,,,0.7108843537414966,718.0,0.4901023890784983
10,5,4,,,0.7672197083961789,845.0,0.5767918088737202
11,6,3,1.0,1.0,0.7614255765199162,830.0,0.5665529010238908
12,5,4,,,0.7151515151515151,731.0,0.49897610921501706
13,6,3,,1.0,0.7510259917920656,802.0,0.5474402730375426
14,6,3,,,0.7821229050279329,862.0,0.5883959044368601
15,6,3,,,0.7837837837837839,867.0,0.5918088737201365
16,5,4,,,0.7853403141361257,870.0,0.5938566552901023
17,6,3,,,0.7558790593505039,811.5,0.5539249146757679
18,7,0,,,0.7558790593505039,811.5,0.5539249146757679
19,6,3,1.0,,0.7627357162960878,835.0,0.5699658703071673
20,6,3,2.0,1.0,0.7546644388749651,810.0,0.552901023890785
21,6,3,1.0,,0.7506925207756232,800.0,0.5460750853242321
22,6,3,,1.0,0.7562326869806094,814.0,0.5556313993174061
23,6,3,,2.0,0.7658033973823447,842.0,0.5747440273037543
24,8,1,1.0,,0.7538377192982455,808.0,0.5515358361774744
25,6,3,1.0,,0.7877604166666666,874.0,0.5965870307167236
26,6,3,1.0,1.0,0.7463607204539848,791.0,0.5399317406143345
27,6,3,,1.0,0.7422402159244263,785.0,0.5358361774744027
28,7,1,1.0,,0.7309941520467836,760.0,0.5187713310580204
29,7,1,1.0,,0.763888888888889,838.0,0.5720136518771332
30,6,3,,,0.7563256325632564,815.5,0.5566552901023891
31,6,3,,,0.7563256325632564,815.5,0.5566552901023891
32,6,3,,1.0,0.752599890530925,807.0,0.5508532423208191
33,6,3,,,0.7461873638344227,790.0,0.5392491467576792
34,5,4,,,0.787140264454239,872.5,0.5955631399317406
35,8,1,,,0.7489106753812637,796.0,0.543344709897611
36,7,2,,,0.7582720588235294,820.0,0.5597269624573379
37,6,3,,,0.7234323432343235,752.0,0.5133105802047782
38,6,3,,,0.7751060820367751,854.0,0.5829351535836177
39,9,0,,,0.8763326226012793,1060.0,0.7235494880546075
40,5,4,1.0,,0.8369230769230769,955.5,0.6522184300341297
41,6,3,,1.0,0.777142857142857,858.0,0.5856655290102389
42,8,1,,,0.7323076923076922,762.0,0.520136518771331
43,8,1,,,0.8296976655185612,943.5,0.6440273037542662
44,8,1,,,0.8296976655185612,943.5,0.6440273037542662
45,8,1,,,0.8369230769230769,955.5,0.6522184300341297
46,6,3,,,0.85,983.5,0.6713310580204778
47,6,3,,,0.85,983.5,0.6713310580204778
48,7,1,,,0.9112227805695142,1114.5,0.7607508532423208
49,6,3,1.0,,0.9112227805695142,1114.5,0.7607508532423208
50,7,1,,,0.8542713567839196,991.5,0.6767918088737201
51,6,3,1.0,,0.8542713567839196,991.5,0.6767918088737201
52,4,4,,,0.8585858585858587,1009.5,0.6890784982935153
53,6,3,,,0.85,983.5,0.6713310580204778
54,5,4,1.0,1.0,0.85,983.5,0.6713310580204778
55,7,0,,,0.8934010152284265,1079.0,0.736518771331058
56,6,3,1.0,1.0,0.8585858585858587,1009.5,0.6890784982935153
57,6,3,,1.0,0.9204737732656514,1137.0,0.7761092150170649
58,7,1,1.0,,0.9072164948453608,1102.0,0.7522184300341297
59,7,1,1.0,,0.9543859649122807,1204.0,0.8218430034129692
60,6,3,1.0,,0.9066666666666667,1100.5,0.7511945392491468
61,6,3,2.0,1.0,0.9160621761658031,1128.5,0.7703071672354949
62,6,3,,,0.9160621761658031,1128.5,0.7703071672354949
63,5,4,,,0.9066666666666667,1100.5,0.7511945392491468
64,6,3,,,0.9146907216494845,1123.0,0.7665529010238907
65,5,4,,1.0,0.9299145299145298,1157.0,0.7897610921501707
66,8,1,,,0.9285714285714285,1154.0,0.7877133105802048
67,6,3,,,0.9053571428571429,1095.0,0.7474402730375427
68,8,1,,,0.9179229480737019,1132.0,0.7726962457337884
69,6,3,,,0.8381035612846844,962.0,0.6566552901023891
70,6,3,1.0,,0.8015301530153016,898.0,0.6129692832764505
71,6,3,,,0.8113975576662144,910.0,0.621160409556314
72,5,4,,,0.8168316831683169,921.0,0.6286689419795222
73,5,4,1.0,1.0,0.8088235294117647,908.0,0.6197952218430034
74,9,0,2.0,,0.787140264454239,872.5,0.5955631399317406
75,8,1,,1.0,0.7506775067750678,798.5,0.5450511945392491
76,6,3,,,0.7153515064562411,733.0,0.5003412969283276
77,6,3,,,0.7206504065040651,746.0,0.5092150170648464
78,8,1,,,0.7506775067750678,798.5,0.5450511945392491
79,6,3,,,0.7470334412081985,792.0,0.5406143344709897
80,7,1,2.0,,0.7042969743198576,704.0,0.4805460750853242
81,8,1,,,0.7254761904761905,754.0,0.5146757679180888
82,6,3,,,0.7324519230769231,763.0,0.5208191126279863
83,7,2,1.0,,0.6975732600732601,688.5,0.46996587030716724
84,6,3,,2.0,0.733451015004413,766.0,0.5228668941979522
85,8,1,,1.0,0.7263986013986014,756.0,0.5160409556313993
86,6,3,,,0.6975732600732601,688.5,0.46996587030716724
87,7,1,,,0.6595238095238095,575.0,0.3924914675767918
88,8,1,,1.0,0.6502347417840375,550.0,0.37542662116040953
89,6,3,,,0.647196261682243,542.0,0.3699658703071672
90,9,0,,,0.5779864371413667,412.0,0.2812286689419795
91,6,3,,,0.6126526082130965,451.0,0.3078498293515358
92,6,3,1.0,,0.6075669704501518,444.0,0.3030716723549488
93,6,3,2.0,1.0,0.5738132498695879,406.0,0.2771331058020478
94,6,3,,,0.5487652781242205,343.5,0.23447098976109215
95,7,2,,1.0,0.5487652781242205,343.5,0.23447098976109215
96,8,1,1.0,1.0,0.5068457082675093,287.5,0.1962457337883959
97,6,3,,,0.504454926624738,286.0,0.19522184300341297
98,6,3,,1.0,0.5068457082675093,287.5,0.1962457337883959
99,6,3,1.0,,0.4578246392896782,230.0,0.15699658703071673
100,8,1,,,0.5140186915887851,299.0,0.20409556313993174
101,6,3,,,0.5533199195171026,349.5,0.23856655290102388
102,8,1,,1.0,0.5533199195171026,349.5,0.23856655290102388
103,8,1,,,0.5579514824797843,370.0,0.2525597269624573
104,6,3,,,0.6008708272859217,436.0,0.2976109215017065
105,8,1,,,0.5579514824797843,370.0,0.2525597269624573
106,7,1,,,0.523222748815166,314.5,0.21467576791808873
107,7,1,,,0.5722748815165877,404.0,0.2757679180887372
108,6,3,,1.0,0.523222748815166,314.5,0.21467576791808873
109,6,3,,1.0,0.4339622641509434,205.0,0.13993174061433447
110,6,3,,,0.43238993710691825,202.5,0.13822525597269625
111,7,1,1.0,,0.4344391785150079,206.0,0.14061433447098975
112,9,0,,,0.39285714285714285,172.0,0.1174061433447099
113,5,4,,,0.3891509433962264,169.0,0.11535836177474403
114,8,1,,,0.43238993710691825,202.5,0.13822525597269625
115,8,1,,,0.3242924528301887,123.0,0.08395904436860069
116,7,2,,,0.3273809523809524,126.0,0.08600682593856655
117,6,3,,,0.3273809523809524,126.0,0.08600682593856655
118,6,3,,,0.37237643872714965,162.0,0.110580204778157
119,8,1,,,0.49107142857142855,272.5,0.18600682593856654
120,6,3,,1.0,0.4841549295774648,259.0,0.17679180887372015
121,8,1,,1.0,0.4887440758293839,268.5,0.18327645051194538
122,6,3,1.0,,0.48820754716981135,266.5,0.18191126279863482
123,6,3,,,0.48820754716981135,266.5,0.18191126279863482
124,7,2,,,0.5527369826435247,348.0,0.23754266211604094
125,6,2,,,0.6448598130841121,528.0,0.3604095563139932
126,6,3,,1.0,0.6944644140905822,685.0,0.46757679180887374
127,7,2,,,0.600216684723727,435.0,0.29692832764505117
128,8,1,,,0.6087912087912088,446.0,0.3044368600682594
129,6,3,,,0.5573440643863179,366.5,0.2501706484641638
130,6,3,,,0.5573440643863179,366.5,0.2501706484641638
131,6,3,,,0.5579514824797843,370.0,0.2525597269624573
132,6,3,,,0.5553319919517102,358.0,0.24436860068259386
133,9,0,,,0.5559299191374663,359.0,0.24505119453924915
134,7,2,1.0,,0.48643867924528306,264.0,0.1802047781569966
135,9,0,,,0.49107142857142855,272.5,0.18600682593856654
136,6,3,,,0.4887440758293839,268.5,0.18327645051194538
137,8,1,,,0.521904761904762,311.0,0.21228668941979523
138,7,1,,,0.5175355450236967,303.5,0.20716723549488056
139,8,1,,,0.5132075471698113,294.0,0.2006825938566553
140,6,3,2.0,2.0,0.5156398104265403,301.0,0.2054607508532423
141,6,3,2.0,1.0,0.5327571787008641,326.0,0.22252559726962456
142,6,3,,1.0,0.5660545023696683,392.0,0.2675767918088737
143,6,3,,,0.5607394366197183,380.0,0.2593856655290102
144,8,1,,1.0,0.56875,394.0,0.2689419795221843
145,8,1,,,0.5639810426540284,391.0,0.2668941979522184
146,7,1,,,0.5613207547169812,383.0,0.2614334470989761
147,8,1,,,0.5534883720930233,352.0,0.2402730375426621
148,5,3,,,0.548900462962963,346.0,0.23617747440273038
149,6,3,,2.0,0.5190150478796169,309.0,0.21092150170648463
150,6,3,,,0.4713785046728972,237.0,0.16177474402730374
151,7,2,,1.0,0.4735915492957746,239.0,0.16313993174061434
152,7,1,,,0.46787383177570097,234.5,0.16006825938566552
153,7,1,1.0,,0.46787383177570097,234.5,0.16006825938566552
154,7,1,,,0.44407622203811103,216.0,0.14744027303754267
155,6,3,,,0.41940532081377147,187.0,0.12764505119453926
156,6,3,1.0,1.0,0.3355242566510172,136.0,0.09283276450511946
157,6,3,,,0.21069182389937108,78.0,0.05324232081911263
158,9,0,,,0.22984562607204118,86.0,0.05870307167235495
159,5,4,,,0.19448476052249639,72.0,0.049146757679180884
160,7,1,,,0.21269841269841266,80.5,0.05494880546075085
161,7,2,,,0.21371610845295055,83.0,0.05665529010238908
162,9,0,,,0.21349206349206348,82.0,0.05597269624573379
163,7,1,,,0.21554487179487178,85.0,0.05802047781569966
164,8,1,,1.0,0.215311004784689,84.0,0.05733788395904437
165,6,1,,,0.23314484558503698,88.0,0.060068259385665526
166,8,1,,,0.21269841269841266,80.5,0.05494880546075085
167,7,0,,,0.23116883116883116,87.0,0.059385665529010236
168,8,1,,,0.29310973386802774,100.0,0.06825938566552901
169,6,3,,1.0,0.1961356179365658,74.0,0.050511945392491465
170,8,1,,1.0,0.19593613933236576,73.0,0.049829351535836175
171,6,3,,1.0,0.18024032042723628,68.0,0.04641638225255973
172,5,4,,,0.19410496046010065,71.0,0.048464163822525594
173,6,3,,,0.1924865831842576,70.0,0.04778156996587031
174,6,3,,2.0,0.271900269541779,95.0,0.06484641638225255
175,6,3,,,0.27062374245472837,94.0,0.06416382252559727
176,7,2,,,0.27291105121293796,96.0,0.06552901023890785
177,8,1,,,0.3380281690140845,144.0,0.09829351535836177
178,6,3,,,0.33962264150943394,148.0,0.10102389078498293
179,6,3,,,0.3392801251956181,147.0,0.10034129692832765
180,6,1,,1.0,0.363514419852448,158.0,0.10784982935153584
181,7,2,,1.0,0.3661971830985915,160.0,0.10921501706484642
182,7,1,,,0.34502369668246446,152.0,0.1037542662116041
183,8,1,1.0,1.0,0.34502369668246446,152.0,0.1037542662116041
184,7,2,,1.0,0.34502369668246446,152.0,0.1037542662116041
185,8,1,,,0.4252336448598131,192.0,0.1310580204778157
186,8,1,,1.0,0.5107981220657277,291.0,0.19863481228668942
187,6,3,1.0,,0.5421926910299003,337.0,0.23003412969283277
188,7,1,,,0.5396825396825397,334.0,0.2279863481228669
189,6,3,1.0,,0.5849462365591398,421.0,0.28737201365187715
190,6,3,,,0.6749379652605458,643.5,0.4392491467576792
191,6,3,,,0.6780626780626781,655.0,0.447098976109215
192,8,1,1.0,,0.6749379652605458,643.5,0.4392491467576792
193,8,1,,,0.7229235880398671,751.0,0.5126279863481229
194,8,1,,,0.7590697674418605,824.0,0.562457337883959
195,8,1,,,0.7520737327188939,806.0,0.5501706484641639
196,6,3,,,0.7513761467889908,803.0,0.548122866894198
197,6,3,,1.0,0.8013698630136986,897.0,0.6122866894197952
198,7,0,,,0.837920489296636,960.0,0.6552901023890785
199,8,1,,,0.8709677419354839,1048.0,0.715358361774744
200,9,0,1.0,,0.9479166666666667,1193.5,0.8146757679180887
201,7,1,1.0,,0.9488372093023256,1196.0,0.816382252559727
202,8,1,,,1.0448143405889885,1337.0,0.9126279863481229
203,6,3,,,1.0130841121495329,1295.0,0.8839590443686007
204,7,2,1.0,,1.0264150943396226,1306.0,0.8914675767918089
205,6,3,,,0.989567031820553,1270.0,0.8668941979522184
206,5,4,,,1.0093457943925235,1288.0,0.8791808873720136
207,8,1,,,0.9133192389006343,1118.0,0.7631399317406143
208,6,3,1.0,,0.799154334038055,894.0,0.6102389078498294
209,6,3,1.0,,0.8066581306017926,905.0,0.6177474402730375
210,8,1,,,0.8143041792330892,915.0,0.6245733788395904
211,7,1,,1.0,0.822096563723358,930.0,0.6348122866894198
212,8,1,,,0.8181818181818181,925.0,0.6313993174061433
213,6,3,1.0,,0.9316017316017317,1166.0,0.7959044368600683
214,7,1,,,0.8644338118022328,1024.0,0.6989761092150171
215,6,3,,,0.8663446054750402,1033.0,0.7051194539249147
216,7,1,,,0.8319290465631929,949.0,0.6477815699658703
217,6,3,,,0.839126559714795,964.0,0.6580204778156996
218,7,1,,,0.8401253918495297,965.0,0.658703071672355
219,5,4,,,0.8045028142589118,903.0,0.616382252559727
220,7,1,,,0.7597560975609756,825.5,0.563481228668942
221,7,1,1.0,,0.7597560975609756,825.5,0.563481228668942
222,7,2,,1.0,0.7560679611650486,813.0,0.5549488054607509
223,8,1,,1.0,0.7634803921568628,836.0,0.5706484641638225
224,6,3,,,0.710421286031042,717.0,0.489419795221843
225,6,3,,,0.6544117647058824,563.5,0.384641638225256
226,6,3,,,0.6544117647058824,563.5,0.384641638225256
227,7,2,,,0.6544117647058824,563.5,0.384641638225256
228,6,2,1.0,,0.6608910891089109,581.0,0.3965870307167236
229,6,3,,1.0,0.720972097209721,747.0,0.5098976109215017
230,6,1,,,0.6666666666666666,605.5,0.4133105802047782
231,7,1,,,0.7111111111111111,719.0,0.4907849829351536
232,6,3,1.0,,0.6725000000000001,628.0,0.4286689419795222
233,7,1,,,0.6725000000000001,628.0,0.4286689419795222
234,8,1,1.0,1.0,0.6783919597989949,656.0,0.4477815699658703
235,7,1,,,0.6394736842105263,510.0,0.34812286689419797
236,6,3,,,0.6403067971436127,514.0,0.3508532423208191
237,6,3,,,0.6,434.0,0.2962457337883959
238,6,3,,,0.6716417910447761,622.5,0.4249146757679181
239,7,2,,,0.6716417910447761,622.5,0.4249146757679181
240,5,4,,,0.6633663366336634,593.5,0.40511945392491466
241,8,1,,,0.6600985221674877,577.5,0.39419795221843
242,7,1,,1.0,0.6600985221674877,577.5,0.39419795221843
243,6,3,,,0.6633663366336634,593.5,0.40511945392491466
244,6,3,2.0,,0.6205305651672434,465.5,0.31774744027303753
245,6,3,1.0,2.0,0.6568627450980392,568.0,0.38771331058020475
246,6,3,1.0,,0.6617647058823529,584.5,0.3989761092150171
247,6,3,,1.0,0.6674876847290641,608.5,0.415358361774744
248,6,3,,,0.6229885057471265,468.0,0.3194539249146758
249,6,3,1.0,1.0,0.6222222222222222,467.0,0.31877133105802047
250,6,3,,1.0,0.6732673267326732,631.5,0.4310580204778157
251,6,1,,,0.6732673267326732,631.5,0.4310580204778157
252,8,1,,,0.7181518151815182,736.0,0.5023890784982935
253,8,1,1.0,,0.7146141215106732,729.0,0.4976109215017065
254,8,1,,1.0,0.6699507389162561,618.0,0.42184300341296926
255,7,0,,,0.6282237032744132,485.0,0.3310580204778157
256,7,2,,,0.6197991391678622,464.0,0.3167235494880546
257,6,3,,,0.6585365853658536,572.5,0.39078498293515357
258,6,3,,,0.6642156862745098,599.0,0.4088737201365188
259,8,1,,,0.6650246305418719,600.0,0.40955631399317405
260,6,2,,,0.5918591859185919,427.0,0.29146757679180885
261,6,3,,,0.6266744321490972,484.0,0.33037542662116043
262,6,3,,,0.6235873659808752,470.5,0.321160409556314
263,6,3,,,0.6625615763546798,588.0,0.4013651877133106
264,8,1,,,0.6235873659808752,470.5,0.321160409556314
265,6,3,1.0,,0.6183908045977011,461.0,0.3146757679180887
266,7,1,,,0.6137931034482759,455.0,0.310580204778157
267,6,3,1.0,,0.6123577235772357,448.5,0.3061433447098976
268,7,2,,,0.6123577235772357,448.5,0.3061433447098976
269,6,3,,1.0,0.5609243697478992,381.5,0.26040955631399315
270,7,1,,1.0,0.6040723981900453,439.5,0.3
271,7,1,,,0.6070481242895036,442.5,0.30204778156996587
272,8,1,1.0,,0.6040723981900453,439.5,0.3
273,6,3,,1.0,0.6070481242895036,442.5,0.30204778156996587
274,5,3,1.0,1.0,0.6519607843137255,556.0,0.3795221843003413
275,5,3,,,0.7023102310231023,699.0,0.47713310580204776
276,6,3,1.0,1.0,0.7023102310231023,699.0,0.47713310580204776
277,7,2,1.0,,0.7023102310231023,699.0,0.47713310580204776
278,6,3,,,0.6988505747126437,690.0,0.4709897610921502
279,6,3,,1.0,0.6487804878048781,546.5,0.37303754266211603
280,6,3,,,0.6937119675456389,683.0,0.4662116040955631
281,6,1,,1.0,0.6519607843137255,556.0,0.3795221843003413
282,8,1,,,0.7307060755336618,759.0,0.5180887372013652
283,8,1,,,0.6929065743944637,682.0,0.46552901023890786
284,7,0,,,0.6997670355270822,693.0,0.47303754266211606
285,8,1,,,0.7343234323432344,770.0,0.5255972696245734
286,6,1,,,0.7407407407407408,779.0,0.531740614334471
287,8,1,,,0.7472222222222223,794.0,0.5419795221843003
288,5,4,,,0.7192513368983957,742.0,0.5064846416382253
289,7,1,1.0,,0.7991681521093286,895.0,0.6109215017064846
290,6,3,1.0,,0.8140703517587939,914.0,0.6238907849829352
291,6,2,,,0.8638075920023183,1021.5,0.6972696245733788
292,6,3,,,0.8943894389438943,1081.0,0.7378839590443687
293,7,2,,,0.8910891089108911,1078.0,0.7358361774744028
294,8,1,,1.0,0.9110221674876847,1111.5,0.758703071672355
295,6,3,1.0,,0.9622764227642275,1222.0,0.8341296928327645
296,7,2,,,0.9262553802008608,1144.5,0.7812286689419795
297,6,3,2.0,,0.9262553802008608,1144.5,0.7812286689419795
298,7,2,,,0.8790849673202614,1066.0,0.7276450511945393
299,5,4,,,0.8410630536737884,968.0,0.6607508532423209
300,6,3,1.0,1.0,0.8688118811881189,1043.0,0.7119453924914676
301,6,3,,1.0,0.8775000000000001,1063.0,0.7255972696245734
302,6,3,,,0.8988391376451078,1090.0,0.7440273037542662
303,6,3,,,0.9078726968174203,1104.0,0.7535836177474403
304,6,3,1.0,,0.9332759362892811,1172.0,0.8
305,6,3,,,0.9147164716471646,1124.0,0.7672354948805461
306,9,0,2.0,,0.8474347434743474,977.0,0.6668941979522184
307,5,4,,,0.871717606543263,1050.0,0.7167235494880546
308,7,1,1.0,,0.8642107517669737,1023.0,0.6982935153583618
309,7,1,1.0,,0.855779427359491,999.0,0.6819112627986348
310,8,1,,,0.8957219251336898,1083.0,0.7392491467576792
311,6,3,1.0,1.0,0.8715447154471544,1049.0,0.7160409556313994
312,6,1,,1.0,0.8758169934640523,1057.5,0.7218430034129693
313,7,2,,1.0,0.8225930680359435,931.0,0.6354948805460751
314,6,3,,1.0,0.8507352941176471,986.0,0.673037542662116
315,7,1,1.0,,0.8140243902439025,913.0,0.6232081911262799
316,6,3,,,0.8168706293706294,922.0,0.6293515358361774
317,7,1,1.0,,0.8476190476190475,979.0,0.668259385665529
318,6,3,,,0.8476190476190475,979.0,0.668259385665529
319,8,1,2.0,,0.8444444444444443,971.0,0.6627986348122867
320,7,1,,,0.8364779874213837,954.0,0.6511945392491467
321,6,1,,1.0,0.8829489867225717,1070.0,0.7303754266211604
322,6,3,1.0,,0.8572511848341232,1002.0,0.6839590443686007
323,7,1,,,0.8413023255813954,969.0,0.6614334470989761
324,9,0,,,0.8317757009345794,948.0,0.647098976109215
325,7,1,,,0.8310077519379844,947.0,0.6464163822525597
326,7,2,,,0.8388106416275429,963.0,0.6573378839590444
327,6,3,,,0.8578745198463508,1003.0,0.6846416382252559
328,7,1,,,0.9107901444350043,1110.0,0.757679180887372
329,6,3,1.0,,0.9632135306553911,1226.0,0.8368600682593856
330,6,3,2.0,2.0,1.0090808416389812,1287.0,0.8784982935153584
331,9,0,,,0.9497231450719822,1199.0,0.8184300341296928
332,8,1,,,0.9409699363616414,1186.0,0.8095563139931741
333,6,3,2.0,1.0,0.9313953488372093,1163.5,0.79419795221843
334,6,2,,,0.9313953488372093,1163.5,0.79419795221843
335,8,1,1.0,,0.8968992248062015,1085.0,0.7406143344709898
336,6,3,3.0,,0.9044652128764279,1094.0,0.7467576791808874
337,8,1,,,0.9567715458276332,1207.5,0.8242320819112628
338,9,0,,,0.9488017429193899,1195.0,0.8156996587030717
339,6,3,,,0.9567715458276332,1207.5,0.8242320819112628
340,8,1,1.0,,0.9630965593784683,1224.5,0.8358361774744028
341,6,3,,,0.9630965593784683,1224.5,0.8358361774744028
342,6,3,,,0.9676609980485084,1238.0,0.8450511945392492
343,7,0,1.0,,0.9749608763693272,1248.0,0.851877133105802
344,8,1,1.0,,0.9832285115303984,1259.0,0.8593856655290102
345,6,3,,,0.9621651477492404,1221.0,0.8334470989761092
346,7,1,,1.0,1.0696661828737302,1370.0,0.9351535836177475
347,8,1,,,1.0991114149008885,1399.0,0.9549488054607509
348,5,2,,,1.1097308488612836,1408.0,0.9610921501706484
349,6,3,,,1.1713286713286712,1437.0,0.9808873720136518
350,8,1,,,1.1854967948717947,1439.0,0.9822525597269625
351,6,3,,,1.0934959349593496,1393.0,0.9508532423208191
352,7,1,,,1.0396135265700484,1327.0,0.9058020477815699
353,7,1,1.0,,1.0407766990291263,1328.0,0.9064846416382253
354,6,3,,,1.0696230598669623,1369.0,0.9344709897610921
355,6,1,,,1.0947712418300655,1394.0,0.9515358361774744
356,7,1,,,1.0761307657859382,1378.0,0.9406143344709897
357,6,3,,,1.0628342245989304,1362.0,0.9296928327645051
358,8,1,1.0,,0.9658536585365854,1234.0,0.842320819112628
359,6,3,,,0.9401330376940132,1185.0,0.8088737201365188
360,7,2,,,0.9493954321540528,1197.5,0.8174061433447098
361,5,4,,,0.9493954321540528,1197.5,0.8174061433447098
362,6,3,1.0,,1.0443349753694582,1336.0,0.9119453924914676
363,6,3,,,1.0415841584158416,1330.0,0.9078498293515358
364,7,2,,,1.035294117647059,1323.0,0.9030716723549488
365,6,3,1.0,,1.025242718446602,1304.0,0.8901023890784983
366,5,4,,1.0,0.9858103061986558,1264.0,0.8627986348122867
367,8,1,1.0,,0.8543689320388349,993.0,0.677815699658703
368,7,1,,,0.8660130718954248,1031.0,0.7037542662116041
369,8,1,1.0,,0.8341463414634147,953.0,0.6505119453924915
370,5,4,1.0,,0.7823529411764706,864.0,0.5897610921501707
371,7,1,,,0.7843902439024389,869.0,0.5931740614334471
372,7,0,,,0.7345266990291262,771.0,0.5262798634812287
373,7,1,,1.0,0.6529126213592232,560.0,0.3822525597269625
374,7,1,,,0.6205305651672434,465.5,0.31774744027303753
375,6,3,1.0,,0.6129124820659971,454.0,0.3098976109215017
376,6,3,,,0.615916955017301,458.0,0.3126279863481229
377,7,1,,,0.6099371787549971,447.0,0.3051194539249147
378,7,0,,,0.5628033980582524,387.0,0.2641638225255973
379,7,1,,,0.5579710144927537,372.0,0.25392491467576794
380,8,1,,,0.5606796116504854,379.0,0.25870307167235496
381,8,1,2.0,1.0,0.5076923076923078,290.0,0.19795221843003413
382,6,3,,2.0,0.5413533834586466,335.0,0.22866894197952217
383,5,4,,,0.4858299595141701,261.5,0.17849829351535837
384,8,1,,,0.4858299595141701,261.5,0.17849829351535837
385,5,4,,1.0,0.4863165680473373,263.0,0.1795221843003413
386,7,2,,,0.4194577352472089,188.0,0.12832764505119454
387,8,1,,1.0,0.41904761904761906,186.0,0.12696245733788397
388,6,3,,2.0,0.4202211690363349,189.0,0.12901023890784982
389,6,3,,,0.4497978436657682,227.0,0.15494880546075085
390,7,0,,,0.4493628437290409,225.5,0.1539249146757679
391,6,3,,,0.4493628437290409,225.5,0.1539249146757679
392,7,2,,,0.44518272425249167,218.0,0.14880546075085324
393,6,1,,,0.4170542635658914,183.0,0.12491467576791809
394,7,1,,,0.4221183800623053,190.0,0.1296928327645051
395,6,3,,,0.42566510172143973,193.0,0.13174061433447098
396,8,1,,,0.40476190476190477,176.0,0.12013651877133105
397,6,3,,,0.27785372522214624,99.0,0.06757679180887372
398,8,1,,,0.3214285714285714,121.0,0.08259385665529011
399,7,1,,,0.29529711994166974,103.0,0.07030716723549488
400,7,1,1.0,,0.2768284347231716,98.0,0.06689419795221843
401,6,3,1.0,2.0,0.29390420899854863,101.0,0.0689419795221843
402,8,1,,,0.2559241706161138,92.0,0.06279863481228669
403,8,1,,,0.2571428571428572,93.0,0.06348122866894199
404,8,1,,,0.2967032967032967,104.0,0.07098976109215017
405,8,1,,,0.29420342690484874,102.0,0.0696245733788396
406,6,3,1.0,,0.27392183288409705,97.0,0.06621160409556313
407,8,1,,,0.25446009389671365,91.0,0.0621160409556314
408,7,2,,1.0,0.29796591533809785,105.0,0.07167235494880546
409,6,3,,,0.40285292670929657,175.0,0.11945392491467577
410,6,3,,,0.43081761006289304,200.0,0.13651877133105803
411,5,4,,1.0,0.41123499142367065,178.0,0.12150170648464163
412,7,1,,1.0,0.45003090871625795,228.0,0.15563139931740613
413,7,1,,,0.41402843601895734,179.0,0.12218430034129693
414,6,3,,1.0,0.41447619047619044,181.0,0.12354948805460751
415,6,3,,1.0,0.41799043062200963,184.0,0.12559726962457338
416,8,1,,,0.3670813397129187,161.0,0.1098976109215017
417,6,3,,2.0,0.33875953018751287,146.0,0.09965870307167235
418,7,2,,1.0,0.3277511961722488,128.0,0.08737201365187713
419,6,3,,,0.33091787439613524,131.0,0.089419795221843
420,7,1,,,0.3341463414634146,133.0,0.09078498293515358
421,8,1,,1.0,0.33455882352941174,135.0,0.09215017064846416
422,7,2,,1.0,0.33620689655172414,137.0,0.09351535836177474
423,8,1,1.0,1.0,0.4143183549124143,180.0,0.12286689419795221
424,6,3,2.0,,0.4466338259441707,222.0,0.1515358361774744
425,5,4,1.0,1.0,0.535960591133005,330.0,0.22525597269624573
426,6,3,,1.0,0.5570841239721696,365.0,0.24914675767918087
427,7,1,1.0,,0.5700647249190939,398.0,0.2716723549488055
428,6,3,,2.0,0.5890388139263701,423.0,0.2887372013651877
429,7,1,,,0.6125,450.0,0.30716723549488056
430,6,3,,,0.6350853699363911,498.0,0.33993174061433445
431,7,2,,1.0,0.6577669902912621,570.5,0.389419795221843
432,8,1,,1.0,0.6804486106461333,662.0,0.451877133105802
433,6,3,,1.0,0.7453416149068323,788.0,0.5378839590443686
434,6,3,,,0.7766990291262136,855.0,0.5836177474402731
435,6,3,,,0.7655502392344498,841.0,0.5740614334470989
436,7,1,,,0.7835034013605441,866.0,0.5911262798634812
437,5,4,1.0,,0.8375686813186813,958.0,0.653924914675768
438,7,1,2.0,,0.8653846153846153,1029.0,0.7023890784982935
439,8,1,1.0,1.0,0.8836714975845411,1071.0,0.7310580204778157
440,6,3,3.0,,0.8403010033444815,966.0,0.6593856655290102
441,7,1,1.0,,0.8476190476190475,979.0,0.668259385665529
442,7,2,,,0.8824644549763032,1068.0,0.7290102389078499
443,8,1,,,0.8264285714285714,940.0,0.6416382252559727
444,8,1,1.0,,0.9280039721946374,1152.0,0.7863481228668942
445,4,3,,,0.9280039721946374,1152.0,0.7863481228668942
446,6,3,,,0.9236471460340994,1141.0,0.778839590443686
447,8,1,1.0,,0.9849975405804231,1262.0,0.8614334470989761
448,7,1,1.0,,1.055596738324685,1350.0,0.9215017064846417
449,6,3,,,1.119496855345912,1421.0,0.9699658703071672
450,9,0,,,1.1100678142931664,1409.5,0.9621160409556314
451,8,1,1.0,,1.1007268951194185,1400.0,0.9556313993174061
452,6,3,1.0,,1.1100678142931664,1409.5,0.9621160409556314
453,7,1,,,1.0967564595931831,1397.5,0.9539249146757679
454,7,1,,,1.0823161189358372,1384.0,0.9447098976109215
455,7,1,,,1.0925750394944707,1391.0,0.9494880546075085
456,7,1,,,1.066715275246081,1364.0,0.9310580204778157
457,7,1,,,1.0505529225908372,1341.0,0.9153583617747441
458,6,3,,1.0,1.0455974842767297,1338.0,0.9133105802047782
459,8,1,1.0,,1.0555555555555556,1348.5,0.9204778156996587
460,7,1,,,0.951923076923077,1202.0,0.8204778156996587
461,7,2,,,0.8686502177068215,1042.0,0.7112627986348122
462,8,1,1.0,,0.8066037735849058,904.0,0.6170648464163823
463,7,2,1.0,,0.7736263736263737,853.0,0.5822525597269624
464,5,4,,,0.6860207100591715,670.5,0.45767918088737203
465,7,1,,,0.6860207100591715,670.5,0.45767918088737203
466,7,1,,,0.7386759581881532,776.0,0.5296928327645051
467,6,3,,,0.689430894308943,675.0,0.46075085324232085
468,6,3,,,0.646341463414634,537.5,0.36689419795221845
469,6,2,,,0.646341463414634,537.5,0.36689419795221845
470,6,3,1.0,1.0,0.602588996763754,437.0,0.2982935153583618
471,6,3,1.0,,0.5698170731707317,396.0,0.27030716723549486
472,7,1,,,0.5698170731707317,396.0,0.27030716723549486
473,8,1,,,0.5698170731707317,396.0,0.27030716723549486
474,6,3,,,0.6078048780487805,445.0,0.3037542662116041
475,6,1,,1.0,0.5581881533101045,373.0,0.2546075085324232
476,8,1,,1.0,0.5575589459084604,368.0,0.25119453924914675
477,6,3,,1.0,0.5602787456445992,377.5,0.257679180887372
478,6,1,,,0.5015082956259428,282.0,0.1924914675767918
479,5,4,,1.0,0.432520325203252,204.0,0.1392491467576792
480,6,3,,,0.4308943089430894,201.0,0.1372013651877133
481,6,3,1.0,,0.42834138486312395,197.0,0.13447098976109215
482,8,1,1.0,1.0,0.429951690821256,199.0,0.13583617747440274
483,6,3,,,0.4606625258799172,232.0,0.1583617747440273
484,7,1,,,0.4567307692307693,229.0,0.15631399317406144
485,8,1,,1.0,0.4584478021978022,231.0,0.157679180887372
486,6,3,,1.0,0.42788461538461536,196.0,0.13378839590443686
487,7,1,,,0.3474650349650349,154.5,0.10546075085324232
488,7,1,,,0.3474650349650349,154.5,0.10546075085324232
489,6,3,,,0.3525498891352549,156.5,0.1068259385665529
490,8,1,,,0.3525498891352549,156.5,0.1068259385665529
491,8,1,,,0.47361419068736144,240.0,0.16382252559726962
492,6,3,,,0.5184466019417476,305.5,0.20853242320819113
493,7,0,,,0.576051779935275,409.0,0.27918088737201363
494,8,1,,,0.5803667745415317,416.0,0.2839590443686007
495,5,3,,,0.6497584541062802,548.5,0.3744027303754266
496,9,0,,,0.5782092772384034,413.0,0.2819112627986348
497,7,2,,,0.4878640776699029,265.0,0.18088737201365188
498,6,3,1.0,1.0,0.43790849673202614,211.0,0.1440273037542662
499,7,1,,,0.4357723577235772,208.5,0.14232081911262798
500,6,3,,,0.3730929264909847,163.0,0.11126279863481228
501,6,3,,,0.4357723577235772,208.5,0.14232081911262798
502,6,1,,,0.5184466019417476,305.5,0.20853242320819113
503,7,1,,,0.5229268292682927,312.5,0.21331058020477817
504,5,4,,,0.5274509803921569,320.5,0.2187713310580205
505,6,3,,,0.5602787456445992,377.5,0.257679180887372
506,6,3,1.0,,0.6600985221674877,577.5,0.39419795221843
507,9,0,,,0.6666666666666666,605.5,0.4133105802047782
508,6,3,,,0.6600985221674877,577.5,0.39419795221843
509,6,3,,,0.6617647058823529,584.5,0.3989761092150171
510,6,3,,,0.6683168316831684,614.5,0.41945392491467576
511,5,3,,1.0,0.6674876847290641,608.5,0.415358361774744
512,6,3,,,0.6775,653.0,0.44573378839590444
513,6,3,,,0.6741293532338309,636.5,0.43447098976109216
514,7,2,,,0.6741293532338309,636.5,0.43447098976109216
515,8,1,,1.0,0.6741293532338309,636.5,0.43447098976109216
516,7,1,,,0.6741293532338309,636.5,0.43447098976109216
517,7,1,,,0.675,645.5,0.44061433447098974
518,6,3,,,0.6766169154228855,649.0,0.44300341296928325
519,6,3,,,0.6757425742574257,648.0,0.442320819112628
520,7,1,1.0,1.0,0.6724137931034483,626.0,0.4273037542662116
521,6,3,1.0,,0.662621359223301,589.0,0.40204778156996585
522,6,3,,,0.5300970873786408,323.0,0.2204778156996587
523,8,1,,,0.5393034825870647,333.0,0.2273037542662116
524,8,1,,,0.5373134328358209,331.0,0.225938566552901
525,6,3,,,0.5320197044334976,324.0,0.221160409556314
526,6,3,,,0.526829268292683,319.0,0.21774744027303755
527,6,3,,,0.6577669902912621,570.5,0.389419795221843
528,8,1,,,0.5262135922330097,317.5,0.2167235494880546
529,6,3,,,0.5262135922330097,317.5,0.2167235494880546
530,7,1,,,0.5300492610837438,322.0,0.2197952218430034
531,6,3,,,0.6691542288557214,616.0,0.4204778156996587
532,5,3,,,0.675,645.5,0.44061433447098974
533,7,2,,,0.6809045226130653,663.0,0.45255972696245733
534,8,1,,,0.6741293532338309,636.5,0.43447098976109216
535,6,3,,,0.6775,653.0,0.44573378839590444
536,9,0,,,0.6775,653.0,0.44573378839590444
537,6,3,,,0.0,33.0,0.022525597269624574
538,4,3,,,0.0,33.0,0.022525597269624574
539,6,2,,,0.0,33.0,0.022525597269624574
540,8,1,,,0.0,33.0,0.022525597269624574
541,8,1,,,0.0,33.0,0.022525597269624574
542,6,3,,,0.0,33.0,0.022525597269624574
543,6,3,,1.0,0.0,33.0,0.022525597269624574
544,6,3,,,0.0,33.0,0.022525597269624574
545,4,3,,,0.0,33.0,0.022525597269624574
546,6,3,,,0.0,33.0,0.022525597269624574
547,6,3,,,0.0,33.0,0.022525597269624574
548,6,3,,,0.0,33.0,0.022525597269624574
549,8,1,,,0.0,33.0,0.022525597269624574
550,5,4,,,0.0,33.0,0.022525597269624574
551,7,1,,,0.0,33.0,0.022525597269624574
552,6,3,,,0.0,33.0,0.022525597269624574
553,8,1,,,0.0,33.0,0.022525597269624574
554,8,1,,,0.0,33.0,0.022525597269624574
555,6,3,,,0.0,33.0,0.022525597269624574
556,6,3,,,0.3341463414634146,133.0,0.09078498293515358
557,6,3,,,0.3374384236453202,141.5,0.09658703071672355
558,7,0,,,0.3374384236453202,141.5,0.09658703071672355
559,6,3,,,0.4455284552845528,219.0,0.14948805460750852
560,9,0,,,0.3341463414634146,133.0,0.09078498293515358
561,9,0,,,0.33014354066985646,130.0,0.08873720136518772
562,8,1,,,0.3273809523809524,126.0,0.08600682593856655
563,6,3,,1.0,0.32499999999999996,124.0,0.08464163822525597
564,9,0,,,0.32193396226415094,122.0,0.08327645051194539
565,5,4,,,0.5150943396226415,300.0,0.20477815699658702
566,6,3,,1.0,0.5126760563380282,293.0,0.2
567,7,2,,,0.5169811320754717,302.0,0.20614334470989762
568,6,3,,,0.5175355450236967,303.5,0.20716723549488056
569,6,3,,,0.5186602870813397,307.5,0.2098976109215017
570,6,3,,,0.5186602870813397,307.5,0.2098976109215017
571,7,2,1.0,,0.645933014354067,534.0,0.36450511945392494
572,6,3,,,0.6398104265402844,512.5,0.34982935153583616
573,6,3,,,0.638095238095238,507.0,0.3460750853242321
574,8,1,,,0.645933014354067,534.0,0.36450511945392494
575,6,3,,1.0,0.7319727891156462,761.0,0.5194539249146758
576,8,1,,,0.7425810904071772,786.0,0.5365187713310581
577,7,1,,,0.7470383275261323,793.0,0.5412969283276451
578,6,1,,,0.7543983110485573,809.0,0.5522184300341297
579,8,1,,,0.8251231527093595,937.0,0.6395904436860068
580,8,1,1.0,,0.8844884488448845,1072.0,0.731740614334471
581,6,3,,,0.9241379310344827,1142.0,0.7795221843003413
582,6,3,,,1.0268199233716475,1307.0,0.8921501706484641
583,5,3,,,1.0319031903190319,1313.0,0.8962457337883959
584,6,1,,,1.0217864923747277,1301.5,0.8883959044368601
585,8,1,,,1.0217864923747277,1301.5,0.8883959044368601
586,6,2,1.0,,1.01680216802168,1299.0,0.8866894197952219
587,8,1,,,0.9864532019704434,1265.0,0.863481228668942
588,5,2,,,0.9779411764705883,1251.5,0.8542662116040955
589,6,3,,,0.9779411764705883,1251.5,0.8542662116040955
590,7,1,1.0,,0.9827586206896551,1257.0,0.8580204778156997
591,6,3,,,1.1092436974789917,1407.0,0.9604095563139932
592,7,1,,,1.1202263083451203,1422.0,0.9706484641638226
593,6,3,,,1.1300639658848612,1430.5,0.9764505119453925
594,6,3,1.0,1.0,1.1244695898161243,1427.0,0.974061433447099
595,8,1,1.0,,1.1357142857142857,1435.0,0.9795221843003413
596,6,3,1.0,,0.9608411892675853,1219.5,0.8324232081911263
597,6,3,,,0.9608411892675853,1219.5,0.8324232081911263
598,6,3,,,0.9511844938980617,1200.0,0.8191126279863481
599,8,1,,,0.823019801980198,934.0,0.6375426621160409
600,6,3,,,0.821078431372549,928.0,0.6334470989761092
601,7,2,,,0.7370737073707372,774.0,0.5283276450511946
602,5,3,,,0.6658415841584159,603.0,0.4116040955631399
603,7,1,,,0.6725000000000001,628.0,0.4286689419795222
604,6,3,,,0.6741293532338309,636.5,0.43447098976109216
605,7,2,,,0.6683168316831684,614.5,0.41945392491467576
606,7,0,,,0.5721323011963406,401.5,0.274061433447099
607,6,3,,,0.5721323011963406,401.5,0.274061433447099
608,6,3,,,0.5721323011963406,401.5,0.274061433447099
609,7,0,,,0.5721323011963406,401.5,0.274061433447099
610,6,3,,,0.5339901477832513,328.0,0.22389078498293516
611,5,4,,1.0,0.33706467661691547,140.0,0.09556313993174062
612,6,3,,,0.0,33.0,0.022525597269624574
613,8,1,,,0.0,33.0,0.022525597269624574
614,8,1,,1.0,0.0,33.0,0.022525597269624574
615,8,1,,,0.0,33.0,0.022525597269624574
616,6,3,,1.0,0.0,33.0,0.022525597269624574
617,6,3,,,0.0,33.0,0.022525597269624574
618,6,3,,,0.0,33.0,0.022525597269624574
619,6,3,,,0.0,33.0,0.022525597269624574
620,7,1,,,0.0,33.0,0.022525597269624574
621,8,1,,,0.0,33.0,0.022525597269624574
622,6,3,,,0.0,33.0,0.022525597269624574
623,7,1,,,0.0,33.0,0.022525597269624574
624,6,3,,,0.0,33.0,0.022525597269624574
625,6,3,,,0.0,33.0,0.022525597269624574
626,6,3,,,0.0,33.0,0.022525597269624574
627,8,1,,,0.0,33.0,0.022525597269624574
628,7,1,,,0.0,33.0,0.022525597269624574
629,7,2,,,0.0,33.0,0.022525597269624574
630,9,0,,,0.0,33.0,0.022525597269624574
631,6,3,,1.0,0.0,33.0,0.022525597269624574
632,6,3,,,0.0,33.0,0.022525597269624574
633,6,3,,,0.0,33.0,0.022525597269624574
634,7,0,,,0.0,33.0,0.022525597269624574
635,6,3,,,0.0,33.0,0.022525597269624574
636,8,1,,,0.0,33.0,0.022525597269624574
637,8,1,,1.0,0.0,33.0,0.022525597269624574
638,6,3,,,0.0,33.0,0.022525597269624574
639,6,3,,,0.0,33.0,0.022525597269624574
640,7,2,,,0.0,33.0,0.022525597269624574
641,8,1,,,0.0,33.0,0.022525597269624574
642,5,4,,,0.0,33.0,0.022525597269624574
643,6,3,,,0.0,33.0,0.022525597269624574
644,8,1,,,0.0,33.0,0.022525597269624574
645,6,1,,,0.0,33.0,0.022525597269624574
646,6,3,,,0.0,33.0,0.022525597269624574
647,6,3,,,0.0,33.0,0.022525597269624574
648,8,1,,,0.0,33.0,0.022525597269624574
649,5,4,,,0.0,33.0,0.022525597269624574
650,6,3,,,0.0,33.0,0.022525597269624574
651,6,3,,,0.0,33.0,0.022525597269624574
652,8,1,,,0.0,33.0,0.022525597269624574
653,9,0,,,0.0,33.0,0.022525597269624574
654,7,2,,,0.0,33.0,0.022525597269624574
655,7,1,,,0.0,33.0,0.022525597269624574
656,7,1,,,0.0,33.0,0.022525597269624574
657,7,1,,,0.0,33.0,0.022525597269624574
658,8,1,,,0.42295597484276726,191.0,0.13037542662116042
659,6,3,,,0.4190031152647975,185.0,0.12627986348122866
660,8,1,,,0.6285046728971962,486.5,0.3320819112627986
661,7,1,,,0.6285046728971962,486.5,0.3320819112627986
662,6,3,,,0.502803738317757,284.5,0.19419795221843003
663,6,3,,1.0,0.502803738317757,284.5,0.19419795221843003
664,6,3,,1.0,0.5075471698113208,289.0,0.19726962457337885
665,6,3,,,0.5004651162790698,281.0,0.19180887372013652
666,8,1,,,0.6291079812206573,488.5,0.3334470989761092
667,8,1,,,0.6232558139534884,469.0,0.32013651877133104
668,7,1,,,0.6291079812206573,488.5,0.3334470989761092
669,7,1,,,0.638095238095238,507.0,0.3460750853242321
670,8,1,,,0.6411483253588517,515.5,0.35187713310580204
671,7,1,,,0.6466346153846153,540.5,0.3689419795221843
672,6,2,,,0.645933014354067,534.0,0.36450511945392494
673,6,3,1.0,,0.6521739130434783,558.5,0.38122866894197954
674,8,1,,,0.6521739130434783,558.5,0.38122866894197954
675,8,1,1.0,,0.5590062111801242,375.0,0.25597269624573377
676,6,1,,,0.5596393897364771,376.0,0.2566552901023891
677,6,3,,1.0,0.562369337979094,384.0,0.2621160409556314
678,6,3,,,0.5569358178053829,364.0,0.2484641638225256
679,6,3,,,0.6466346153846153,540.5,0.3689419795221843
680,8,1,,,0.6497584541062802,548.5,0.3744027303754266
681,4,4,1.0,,0.6435406698564594,524.0,0.357679180887372
682,8,1,,,0.6435406698564594,524.0,0.357679180887372
683,6,3,,,0.644927536231884,529.5,0.3614334470989761
684,6,3,,,0.6504854368932039,552.5,0.3771331058020478
685,6,3,,,0.651219512195122,554.0,0.3781569965870307
686,6,3,,,0.7406380027739251,778.0,0.5310580204778157
687,8,1,,,0.7398205659075224,777.0,0.5303754266211604
688,5,3,,,0.7362637362637362,773.0,0.5276450511945392
689,8,1,,,0.639423076923077,509.0,0.34744027303754266
690,6,3,,1.0,0.6363636363636364,500.0,0.3412969283276451
691,7,1,,,0.5140096618357488,298.0,0.20341296928327646
692,6,2,,,0.5134615384615385,297.0,0.20273037542662117
693,8,1,,,0.6357142857142857,499.0,0.34061433447098977
694,7,2,,,0.6297169811320754,490.0,0.33447098976109213
695,5,4,,1.0,0.6244131455399061,473.5,0.32320819112627985
696,8,1,,,0.625,475.5,0.3245733788395904
697,8,1,,,0.31103286384976525,115.0,0.07849829351535836
698,6,1,,,0.31398104265402843,120.0,0.08191126279863481
699,6,3,,,0.3113207547169812,116.0,0.07918088737201365
700,6,1,,,0.30841121495327106,110.0,0.07508532423208192
701,9,0,1.0,,0.4934579439252337,278.0,0.18976109215017065
702,8,1,,,0.49158878504672904,275.0,0.18771331058020477
703,7,1,,,0.4962264150943396,279.0,0.19044368600682593
704,6,1,,,0.49116279069767443,274.0,0.18703071672354948
705,9,0,,,0.49811320754716987,280.0,0.19112627986348124
706,6,3,,,0.6173708920187793,460.0,0.31399317406143346
707,7,1,,,0.8301886792452831,945.5,0.6453924914675768
708,8,1,,,0.8333333333333333,951.0,0.6491467576791808
709,8,1,,,0.8341232227488151,952.0,0.6498293515358362
710,7,1,,,0.7218045112781954,749.0,0.5112627986348123
711,7,1,,,0.8301886792452831,945.5,0.6453924914675768
712,5,3,,1.0,0.8380952380952381,961.0,0.6559726962457337
713,6,3,,,0.7183673469387755,737.0,0.5030716723549488
714,7,1,,,0.7203791469194312,745.0,0.5085324232081911
715,8,1,,,0.6255924170616114,478.0,0.32627986348122867
716,6,3,1.0,,0.6244131455399061,473.5,0.32320819112627985
717,6,2,,,0.475,244.0,0.16655290102389078
718,6,3,,,0.42628205128205127,194.0,0.13242320819112627
719,8,1,,,0.3869565217391304,165.0,0.11262798634812286
720,5,4,,,0.3884057971014493,168.0,0.11467576791808874
721,7,1,,,0.3902912621359223,170.0,0.11604095563139932
722,6,3,2.0,,0.38737864077669903,166.5,0.1136518771331058
723,6,3,,,0.38737864077669903,166.5,0.1136518771331058
724,7,1,,,0.3911764705882353,171.0,0.1167235494880546
725,5,4,,1.0,0.395049504950495,173.0,0.11808873720136519
726,8,1,,,0.39653465346534655,174.0,0.11877133105802047
727,6,3,,,0.4800716524854456,250.5,0.17098976109215017
728,8,1,,1.0,0.5229268292682927,312.5,0.21331058020477817
729,7,2,,,0.5942350332594234,429.5,0.2931740614334471
730,6,1,,1.0,0.5942350332594234,429.5,0.2931740614334471
731,8,1,,,0.5949197860962567,431.0,0.29419795221843004
732,6,3,,1.0,0.4782803403493059,247.0,0.16860068259385666
733,6,3,,1.0,0.4800716524854456,250.5,0.17098976109215017
734,6,3,,1.0,0.44006568144499175,212.5,0.14505119453924914
735,6,2,,,0.4738330975954739,241.0,0.1645051194539249
736,8,1,,,0.47149894440534834,238.0,0.16245733788395905
737,6,1,,,0.47093837535014005,236.0,0.16109215017064846
738,7,1,,,0.32965686274509803,129.0,0.08805460750853242
739,6,3,,,0.30203619909502266,106.0,0.07235494880546076
740,6,3,,,0.3753501400560224,164.0,0.11194539249146758
741,7,2,,,0.46238785369220153,233.0,0.1590443686006826
742,8,1,1.0,,0.4357723577235772,208.5,0.14232081911262798
743,7,1,,,0.4357723577235772,208.5,0.14232081911262798
744,6,3,1.0,,0.44006568144499175,212.5,0.14505119453924914
745,7,1,,,0.44224422442244227,214.5,0.14641638225255973
746,7,1,,,0.44224422442244227,214.5,0.14641638225255973
747,5,4,,1.0,0.44723618090452255,223.0,0.1522184300341297
748,6,3,,,0.47678571428571426,245.5,0.16757679180887372
749,6,3,,1.0,0.5134615384615384,295.5,0.20170648464163823
750,7,2,1.0,1.0,0.55625,361.5,0.24675767918088737
751,6,3,,,0.5534825870646767,351.0,0.23959044368600682
752,8,1,,,0.5541666666666667,354.5,0.24197952218430033
753,6,3,,,0.5583333333333333,374.0,0.2552901023890785
754,6,1,,1.0,0.5632328308207705,388.5,0.2651877133105802
755,7,2,1.0,,0.5632328308207705,388.5,0.2651877133105802
756,8,1,1.0,,0.55625,361.5,0.24675767918088737
757,6,3,,1.0,0.5115384615384616,292.0,0.1993174061433447
758,6,3,,,0.44556113902847566,220.5,0.15051194539249146
759,6,3,,1.0,0.44556113902847566,220.5,0.15051194539249146
760,6,3,,,0.4092307692307693,177.0,0.12081911262798635
761,6,1,,1.0,0.4744136460554371,243.0,0.1658703071672355
762,5,3,,,0.4489112227805695,224.0,0.15290102389078497
763,7,2,,,0.47857142857142854,248.0,0.16928327645051194
764,6,3,,,0.47678571428571426,245.5,0.16757679180887372
765,6,3,,,0.5134615384615384,295.5,0.20170648464163823
766,7,1,,,0.4836363636363637,256.5,0.17508532423208192
767,7,1,,,0.47884788478847884,249.0,0.16996587030716723
768,6,3,,,0.4836363636363637,256.5,0.17508532423208192
769,6,3,,,0.5541666666666667,354.5,0.24197952218430033
770,6,3,,,0.6030603060306031,438.0,0.29897610921501705
771,7,0,,,0.5333333333333333,327.0,0.22320819112627988
772,7,1,,1.0,0.44499999999999995,217.0,0.14812286689419796
773,7,2,,,0.4932266009852217,277.0,0.18907849829351536
774,7,1,,,0.48897058823529416,270.0,0.18430034129692832
775,7,2,1.0,1.0,0.5540069686411149,353.0,0.24095563139931742
776,8,1,1.0,,0.5567226890756302,363.0,0.2477815699658703
777,5,4,,1.0,0.6487804878048781,546.5,0.37303754266211603
778,6,3,,,0.6480582524271845,544.0,0.37133105802047783
779,6,2,,,0.6544117647058824,563.5,0.384641638225256
780,6,3,,,0.646341463414634,537.5,0.36689419795221845
781,7,1,,,0.646341463414634,537.5,0.36689419795221845
782,8,1,,,0.6519607843137255,556.0,0.3795221843003413
783,6,3,,,0.5636875439831105,390.0,0.26621160409556316
784,6,3,1.0,,0.5609243697478992,381.5,0.26040955631399315
785,8,1,,,0.5560975609756097,360.0,0.24573378839590443
786,6,3,,,0.48188405797101447,253.0,0.1726962457337884
787,7,1,,,0.42948717948717946,198.0,0.13515358361774743
788,9,0,,,0.4831730769230769,255.0,0.17406143344709898
789,7,1,,,0.4813701923076923,252.0,0.1720136518771331
790,7,1,,,0.4274322169059011,195.0,0.13310580204778158
791,5,4,,,0.36500341763499655,159.0,0.10853242320819112
792,7,1,,,0.18426501035196685,69.0,0.04709897610921502
793,6,3,,,0.21090047393364927,79.0,0.05392491467576792
794,5,4,,,0.20892018779342722,77.0,0.05255972696245734
795,7,0,,,0.2077519379844961,76.0,0.05187713310580205
796,6,3,,,0.20601851851851852,75.0,0.051194539249146756
797,6,3,,,0.17890520694259013,66.5,0.04539249146757679
798,6,3,,1.0,0.17890520694259013,66.5,0.04539249146757679
799,7,2,,,0.3116279069767442,117.0,0.07986348122866894
800,7,1,,,0.3087557603686636,111.5,0.07610921501706484
801,8,1,,1.0,0.3087557603686636,111.5,0.07610921501706484
802,8,1,,1.0,0.3045454545454545,107.0,0.07303754266211604
803,7,1,,,0.24566210045662104,89.0,0.06075085324232082
804,7,1,,,0.2490740740740741,90.0,0.06143344709897611
805,8,1,,1.0,0.34249471458773784,150.0,0.10238907849829351
806,7,1,,,0.3421717171717172,149.0,0.10170648464163823
807,6,3,,1.0,0.3380812735651445,145.0,0.09897610921501707
808,9,0,,,0.336239103362391,138.5,0.09453924914675768
809,8,1,,,0.33778148457047535,143.0,0.09761092150170649
810,8,1,,,0.336239103362391,138.5,0.09453924914675768
811,7,1,,,0.3119266055045871,118.5,0.08088737201365187
812,5,4,,1.0,0.3119266055045871,118.5,0.08088737201365187
813,8,1,,,0.3076923076923077,108.5,0.07406143344709898
814,7,2,1.0,,0.3076923076923077,108.5,0.07406143344709898
815,8,1,1.0,,0.3090909090909091,114.0,0.07781569965870307
816,8,1,,,0.3088235294117647,113.0,0.07713310580204778
817,9,0,,,0.4155251141552511,182.0,0.1242320819112628
818,6,3,,2.0,0.5217889908256881,310.0,0.21160409556313994
819,6,3,,,0.5261136712749617,316.0,0.21569965870307167
820,6,3,1.0,,0.48517995765702193,260.0,0.17747440273037543
821,8,1,,,0.5848989719957463,420.0,0.28668941979522183
822,6,1,,,0.5827720666430344,418.0,0.28532423208191127
823,9,0,,,0.6261467889908257,480.0,0.32764505119453924
824,5,4,,,0.7188940092165899,740.0,0.5051194539249146
825,6,3,,,0.7142441860465116,724.5,0.4945392491467577
826,6,3,,1.0,0.7142441860465116,724.5,0.4945392491467577
827,6,3,,,0.7149532710280374,730.0,0.49829351535836175
828,9,0,,,0.7499999999999999,797.0,0.5440273037542662
829,6,3,,1.0,0.7037790697674419,702.0,0.47918088737201364
830,6,3,,,0.6735524256651018,633.0,0.43208191126279866
831,8,1,,,0.6799368088467614,658.5,0.4494880546075085
832,6,3,1.0,,0.6799368088467614,658.5,0.4494880546075085
833,7,2,1.0,,0.7212918660287082,748.0,0.510580204778157
834,6,3,,,0.762085308056872,832.0,0.5679180887372014
835,8,1,,1.0,0.7144549763033176,728.0,0.4969283276450512
836,7,2,1.0,,0.6774091627172196,651.0,0.4443686006825939
837,7,0,,,0.6788629327329018,657.0,0.4484641638225256
838,7,1,,,0.7116402116402117,720.0,0.49146757679180886
839,8,1,2.0,,0.7219538378958669,750.0,0.5119453924914675
840,6,3,1.0,1.0,0.7416040100250627,783.0,0.5344709897610922
841,8,1,,,0.8190517616354938,926.0,0.6320819112627987
842,6,1,,,0.8580542264752791,1005.0,0.6860068259385665
843,7,0,,,0.8580542264752791,1005.0,0.6860068259385665
844,7,1,,1.0,0.8673139158576051,1036.5,0.7075085324232082
845,5,4,,,0.8673139158576051,1036.5,0.7075085324232082
846,6,3,1.0,,0.8784965034965034,1065.0,0.726962457337884
847,8,1,,,0.8870255957634597,1074.0,0.7331058020477815
848,7,1,1.0,,0.8631239935587762,1019.0,0.6955631399317406
849,8,1,,1.0,0.7976190476190477,891.0,0.6081911262798635
850,6,3,,1.0,0.8160069595476294,919.0,0.6273037542662117
851,6,3,,,0.8631239935587762,1019.0,0.6955631399317406
852,6,3,1.0,1.0,0.8631239935587762,1019.0,0.6955631399317406
853,7,1,1.0,,0.8673139158576051,1036.5,0.7075085324232082
854,6,3,,,0.8663446054750402,1033.0,0.7051194539249147
855,8,1,1.0,,0.8216658150229943,929.0,0.6341296928327645
856,5,4,3.0,,0.837737993748224,959.0,0.6546075085324232
857,6,3,,,0.7911969940955449,880.0,0.6006825938566553
858,6,3,,,0.7980043149946063,893.0,0.6095563139931741
859,6,2,,,0.807859078590786,907.0,0.6191126279863481
860,6,3,,1.0,0.8069039913700109,906.0,0.6184300341296929
861,8,1,1.0,,0.8259109311740891,939.0,0.6409556313993174
862,6,3,,,0.7923976608187135,883.0,0.6027303754266211
863,7,2,,,0.7932692307692308,884.5,0.6037542662116041
864,8,1,,1.0,0.7932692307692308,884.5,0.6037542662116041
865,7,2,1.0,,0.8663446054750402,1033.0,0.7051194539249147
866,6,3,,,0.9095022624434389,1107.0,0.7556313993174062
867,7,2,1.0,,0.9095022624434389,1107.0,0.7556313993174062
868,6,1,,,0.9095022624434389,1107.0,0.7556313993174062
869,8,1,,,0.8580542264752791,1005.0,0.6860068259385665
870,7,1,,,0.872287353454727,1051.0,0.7174061433447099
871,7,2,,,0.8499210110584517,981.0,0.6696245733788396
872,8,1,,1.0,0.6749372734875941,641.5,0.4378839590443686
873,5,3,,,0.6374407582938388,504.5,0.34436860068259384
874,6,3,,,0.638095238095238,507.0,0.3460750853242321
875,8,1,,1.0,0.5822510822510822,417.0,0.28464163822525596
876,7,2,1.0,,0.5773373545885394,411.0,0.28054607508532425
877,7,1,,,0.5443466486120514,338.0,0.23071672354948805
878,7,1,,,0.5392354124748491,332.0,0.22662116040955632
879,7,1,1.0,,0.5665961945031712,393.0,0.26825938566552904
880,7,1,1.0,,0.5974842767295597,432.0,0.29488054607508535
881,7,1,,,0.5625,385.5,0.26313993174061434
882,6,3,,,0.5625,385.5,0.26313993174061434
883,6,3,1.0,1.0,0.5023696682464455,283.0,0.1931740614334471
884,8,1,1.0,1.0,0.5448979591836735,340.0,0.23208191126279865
885,8,1,1.0,,0.5513176144244105,347.0,0.23686006825938566
886,8,1,,,0.5898004434589801,424.0,0.289419795221843
887,5,4,,2.0,0.5875831485587583,422.0,0.2880546075085324
888,6,3,1.0,2.0,0.6155632984901277,457.0,0.3119453924914676
889,5,3,,,0.642512077294686,518.5,0.3539249146757679
890,6,3,,2.0,0.642512077294686,518.5,0.3539249146757679
891,7,1,,1.0,0.7009222661396574,695.0,0.47440273037542663
892,8,1,,,0.6666666666666667,607.0,0.4143344709897611
893,8,1,,,0.6723901098901099,625.0,0.42662116040955633
894,9,0,1.0,,0.6994345367551109,692.0,0.47235494880546075
895,5,2,,,0.6677950801173551,613.0,0.4184300341296928
896,7,1,,,0.6367924528301887,501.5,0.34232081911262796
897,6,3,,,0.6421800947867299,517.0,0.352901023890785
898,6,3,,1.0,0.6435406698564594,524.0,0.357679180887372
899,5,4,1.0,,0.6411483253588517,515.5,0.35187713310580204
900,4,3,,,0.6716791979949874,624.0,0.425938566552901
901,6,3,1.0,,0.7019047619047619,697.0,0.4757679180887372
902,7,1,,,0.7101941747572816,716.0,0.4887372013651877
903,8,1,,,0.8115942028985507,911.0,0.6218430034129693
904,7,2,1.0,,0.8759014423076923,1059.0,0.7228668941979522
905,6,3,,,0.8204334365325078,927.0,0.6327645051194539
906,8,1,1.0,,0.9298245614035087,1156.0,0.7890784982935154
907,9,0,,,1.0390625,1325.0,0.9044368600682594
908,6,3,,,1.0390625,1325.0,0.9044368600682594
909,8,1,1.0,,1.0390625,1325.0,0.9044368600682594
910,9,0,,,1.033009708737864,1317.0,0.898976109215017
911,8,1,,,1.026923076923077,1308.0,0.8928327645051195
912,6,3,1.0,1.0,1.062233589087809,1360.5,0.9286689419795222
913,4,3,,,1.062233589087809,1360.5,0.9286689419795222
914,6,2,,,1.1381074168797953,1436.0,0.9802047781569966
915,9,0,1.0,,1.1231971153846154,1426.0,0.9733788395904437
916,8,1,2.0,,1.124895455812657,1428.0,0.9747440273037543
917,4,3,,,1.1173416407061265,1419.0,0.9686006825938567
918,6,3,1.0,,1.1162790697674418,1417.0,0.967235494880546
919,7,1,,,1.111111111111111,1412.0,0.9638225255972697
920,6,2,,1.0,1.0465116279069768,1339.0,0.9139931740614334
921,6,3,,,0.9933283914010378,1274.0,0.8696245733788396
922,6,3,2.0,,1.0065727699530518,1284.0,0.8764505119453925
923,8,1,,,1.0123222748815166,1292.0,0.8819112627986349
924,8,1,,,1.0123222748815166,1292.0,0.8819112627986349
925,7,2,,,1.0123222748815166,1292.0,0.8819112627986349
926,7,1,,,1.0352564102564104,1322.0,0.9023890784982935
927,6,2,2.0,,1.0303030303030303,1312.0,0.8955631399317406
928,6,3,,,1.0736842105263158,1374.5,0.9382252559726962
929,6,3,1.0,,1.0736842105263158,1374.5,0.9382252559726962
930,6,3,,,1.0765064319566688,1380.0,0.9419795221843004
931,7,2,1.0,,1.0726190476190476,1372.0,0.936518771331058
932,9,0,2.0,,1.0566188197767146,1351.0,0.922184300341297
933,8,1,,,1.0545023696682465,1346.0,0.9187713310580204
934,9,0,,,1.0323115161557581,1315.0,0.8976109215017065
935,6,3,,1.0,1.0323115161557581,1315.0,0.8976109215017065
936,4,3,,1.0,1.1101905550952775,1411.0,0.9631399317406143
937,8,1,2.0,,1.10087960417812,1401.0,0.9563139931740614
938,7,1,,,1.0825581395348838,1385.5,0.9457337883959044
939,6,3,,,1.0825581395348838,1385.5,0.9457337883959044
940,8,1,1.0,,1.0967564595931831,1397.5,0.9539249146757679
941,6,2,1.0,,1.0916552667578658,1388.0,0.9474402730375426
942,9,0,,,1.1019055509527755,1402.0,0.9569965870307168
943,6,1,1.0,,1.076279069767442,1379.0,0.941296928327645
944,4,3,,,1.0766129032258065,1381.0,0.9426621160409556
945,8,1,1.0,,1.0518181818181818,1342.0,0.9160409556313993
946,8,1,,,0.9771959459459459,1250.0,0.8532423208191127
947,7,2,,,0.9585585585585586,1212.0,0.8273037542662116
948,6,3,,,0.867579908675799,1039.0,0.7092150170648465
949,8,1,,,0.911697247706422,1116.0,0.7617747440273037
950,7,1,,,0.8700410396716827,1045.0,0.7133105802047781
951,6,3,1.0,,0.9158986175115207,1127.0,0.769283276450512
952,7,1,,,0.990582191780822,1271.0,0.8675767918088737
953,7,1,1.0,,0.966754443712969,1237.0,0.8443686006825939
954,8,1,,,0.9834862385321101,1260.0,0.8600682593856656
955,7,2,1.0,,1.01707779886148,1300.0,0.8873720136518771
956,8,1,,,1.004340277777778,1282.0,0.875085324232082
957,5,3,,,0.9843317972350231,1261.0,0.8607508532423208
958,8,1,,,0.9888888888888889,1267.0,0.8648464163822526
959,8,1,1.0,,0.9695281782437746,1242.0,0.8477815699658703
960,9,0,,,0.9678571428571429,1239.5,0.846075085324232
961,8,1,,1.0,0.9475524475524476,1192.0,0.8136518771331058
962,7,1,,,0.9678571428571429,1239.5,0.846075085324232
963,6,3,,1.0,0.9651011089367254,1229.5,0.8392491467576791
964,7,1,2.0,,0.9651011089367254,1229.5,0.8392491467576791
965,6,3,,1.0,0.9651011089367254,1229.5,0.8392491467576791
966,8,1,,,0.9651011089367254,1229.5,0.8392491467576791
967,6,3,1.0,,0.9659239842726081,1235.5,0.8433447098976109
968,6,3,,,0.9659239842726081,1235.5,0.8433447098976109
969,8,1,1.0,,0.9448542325254655,1189.0,0.81160409556314
970,5,4,2.0,,0.9535625664657923,1203.0,0.821160409556314
971,7,1,,,0.9340277777777778,1173.0,0.8006825938566553
972,7,1,,,0.8978638184245661,1088.5,0.7430034129692833
973,8,1,,,0.8970099667774086,1086.5,0.7416382252559727
974,8,1,,,0.9209302325581394,1138.0,0.7767918088737201
975,6,3,,,0.8978638184245661,1088.5,0.7430034129692833
976,8,1,,,0.9106296547054842,1109.0,0.7569965870307167
977,8,1,1.0,,0.9806780896828291,1256.0,0.8573378839590444
978,6,1,,,0.989010989010989,1269.0,0.8662116040955632
979,6,3,,,1.0613207547169812,1358.0,0.926962457337884
980,8,1,,,0.8562401263823064,1001.0,0.6832764505119454
981,7,1,,,0.9174001354096141,1130.0,0.7713310580204779
982,5,3,1.0,,0.9428571428571427,1187.0,0.8102389078498293
983,7,1,,,0.9183673469387755,1134.5,0.7744027303754266
984,8,1,,,0.8035714285714286,901.0,0.6150170648464164
985,6,3,,,0.7788461538461539,861.0,0.5877133105802048
986,6,3,,,0.6398104265402844,512.5,0.34982935153583616
987,6,3,1.0,1.0,0.6882539682539682,673.5,0.4597269624573379
988,6,3,,,0.6882539682539682,673.5,0.4597269624573379
989,8,1,1.0,,0.6948717948717948,686.0,0.468259385665529
990,7,1,,,0.6956521739130435,687.0,0.4689419795221843
991,6,3,,,0.690537084398977,677.5,0.46245733788395904
992,8,1,,,0.690537084398977,677.5,0.46245733788395904
993,6,3,,,0.6585365853658536,572.5,0.39078498293515357
994,8,1,,,0.6609756097560976,582.5,0.39761092150170646
995,6,3,2.0,3.0,0.6609756097560976,582.5,0.39761092150170646
996,6,3,,,0.7060969254820219,707.5,0.48293515358361777
997,7,1,1.0,,0.7060969254820219,707.5,0.48293515358361777
998,6,3,,,0.577086280056577,410.0,0.27986348122866894
999,6,3,,2.0,0.5749646393210749,407.0,0.27781569965870306
1000,6,3,,,0.5756929637526652,408.0,0.2784982935153584
1001,8,1,,1.0,0.5707213578500707,399.0,0.27235494880546074
1002,6,3,1.0,,0.5447794779477948,339.0,0.23139931740614333
1003,7,1,,,0.5326732673267327,325.0,0.22184300341296928
1004,6,3,,,0.5274509803921569,320.5,0.2187713310580205
1005,7,1,,,0.4906201146430432,271.0,0.1849829351535836
1006,6,3,1.0,1.0,0.49244398124022926,276.0,0.18839590443686008
1007,8,1,,,0.5346534653465347,329.0,0.22457337883959044
1008,6,3,,,0.5474898236092266,342.0,0.2334470989761092
1009,6,2,,,0.5420958351992835,336.0,0.22935153583617748
1010,6,3,1.0,1.0,0.5488807674737323,345.0,0.2354948805460751
1011,5,4,1.0,,0.5552584670231728,356.5,0.24334470989761092
1012,7,1,,,0.5993265993265993,433.0,0.2955631399317406
1013,5,4,,3.0,0.5552584670231728,356.5,0.24334470989761092
1014,7,0,,,0.5933333333333333,428.0,0.29215017064846416
1015,7,1,,,0.6675,610.5,0.4167235494880546
1016,7,1,,,0.6675,610.5,0.4167235494880546
1017,6,3,,1.0,0.7191919191919192,741.0,0.50580204778157
1018,6,3,,,0.6237855946398659,472.0,0.3221843003412969
1019,8,1,,,0.6261306532663317,479.0,0.326962457337884
1020,6,3,,,0.664179104477612,596.5,0.40716723549488054
1021,7,2,,,0.664179104477612,596.5,0.40716723549488054
1022,6,3,1.0,,0.664179104477612,596.5,0.40716723549488054
1023,7,1,1.0,1.0,0.6708542713567839,620.5,0.4235494880546075
1024,8,1,,,0.6708542713567839,620.5,0.4235494880546075
1025,4,3,,,0.7509374999999999,801.0,0.5467576791808874
1026,5,4,,,0.7775189283634246,859.0,0.5863481228668942
1027,6,3,1.0,,0.7698961937716263,848.0,0.578839590443686
1028,7,1,,,0.7334428024083197,765.0,0.5221843003412969
1029,8,1,1.0,,0.8673139158576051,1036.5,0.7075085324232082
1030,6,3,,,0.8780487804878048,1064.0,0.7262798634812286
1031,6,3,,,0.8638075920023183,1021.5,0.6972696245733788
1032,6,3,,,0.8899835796387521,1077.0,0.7351535836177474
1033,7,1,,1.0,0.933142037302726,1170.5,0.798976109215017
1034,7,2,,,0.933142037302726,1170.5,0.798976109215017
1035,8,1,1.0,,0.9377162629757786,1184.0,0.8081911262798634
1036,7,1,,,0.9307958477508651,1160.0,0.7918088737201365
1037,6,3,,,0.9353810489713127,1175.0,0.8020477815699659
1038,6,3,,,0.9110221674876847,1111.5,0.758703071672355
1039,6,3,,,0.9465165376495426,1191.0,0.8129692832764505
1040,7,1,2.0,,1.0145602795573674,1298.0,0.8860068259385665
1041,8,1,2.0,1.0,0.9974424552429666,1275.0,0.8703071672354948
1042,7,2,1.0,,1.0096153846153846,1289.0,0.879863481228669
1043,6,3,,1.0,0.9831932773109243,1258.0,0.8587030716723549
1044,8,1,,,1.0085061137692717,1286.0,0.8778156996587031
1045,6,3,,,0.9915564311849141,1272.0,0.868259385665529
1046,5,4,1.0,1.0,0.9868347338935572,1266.0,0.8641638225255973
1047,7,1,1.0,,0.9889705882352939,1268.0,0.8655290102389078
1048,8,1,,,0.9805797917253025,1255.0,0.856655290102389
1049,6,3,,,1.0346153846153847,1319.0,0.9003412969283277
1050,7,2,,,1.0419512195121952,1331.0,0.9085324232081912
1051,6,1,,,1.0282413350449295,1311.0,0.8948805460750853
1052,6,3,,,1.0422608244749805,1332.5,0.909556313993174
1053,6,3,,,1.0422608244749805,1332.5,0.909556313993174
1054,7,1,,,0.9601433049708912,1216.0,0.8300341296928327
1055,7,1,3.0,,0.9518716577540107,1201.0,0.8197952218430035
1056,9,0,,,0.9151219512195121,1126.0,0.7686006825938566
1057,6,3,1.0,,0.8758169934640523,1057.5,0.7218430034129693
1058,8,1,,,0.846885813148789,976.0,0.6662116040955631
1059,6,3,1.0,,0.8998161764705883,1091.5,0.7450511945392492
1060,8,1,,,0.8998161764705883,1091.5,0.7450511945392492
1061,7,2,,,0.936084142394822,1180.0,0.8054607508532423
1062,4,3,,,0.958133971291866,1210.0,0.825938566552901
1063,7,1,,,0.9368421052631578,1182.5,0.8071672354948806
1064,6,3,3.0,1.0,0.9368421052631578,1182.5,0.8071672354948806
1065,4,3,,,0.9279620853080568,1150.0,0.7849829351535836
1066,8,1,,,0.9454976303317535,1190.0,0.8122866894197952
1067,5,4,,,0.8467614533965244,974.5,0.6651877133105802
1068,6,3,,,0.8617179741807348,1015.0,0.6928327645051194
1069,6,3,1.0,2.0,0.8733644859813084,1054.0,0.7194539249146757
1070,7,1,,,0.8725581395348836,1052.0,0.7180887372013652
1071,8,1,,,0.7610596707818931,828.0,0.5651877133105802
1072,7,2,,1.0,0.7653167185877467,840.0,0.5733788395904437
1073,7,1,,,0.7332421340629275,764.0,0.5215017064846417
1074,6,3,,,0.7415667688876498,781.5,0.5334470989761092
1075,8,1,,,0.7091232227488151,715.0,0.4880546075085324
1076,8,1,2.0,,0.7159090909090909,734.0,0.5010238907849829
1077,8,1,,,0.6770361990950227,650.0,0.44368600682593856
1078,7,1,,,0.6699191524951212,617.0,0.421160409556314
1079,8,1,,,0.6705882352941176,619.0,0.4225255972696246
1080,8,1,,,0.5846153846153846,419.0,0.2860068259385666
1081,7,1,1.0,,0.5785482123510293,414.5,0.28293515358361776
1082,6,3,,2.0,0.5785482123510293,414.5,0.28293515358361776
1083,7,1,1.0,,0.6186046511627906,462.0,0.315358361774744
1084,8,1,1.0,,0.6129032258064516,452.5,0.30887372013651876
1085,8,1,,,0.6630525437864887,592.0,0.4040955631399317
1086,8,1,,1.0,0.6129032258064516,452.5,0.30887372013651876
1087,7,1,,,0.6606125356125355,580.0,0.39590443686006827
1088,7,2,,,0.7043189368770764,705.0,0.4812286689419795
1089,4,3,,,0.7457943925233644,789.0,0.5385665529010238
1090,6,3,,,0.6939252336448598,684.0,0.4668941979522184
1091,6,3,,,0.7037914691943128,703.0,0.47986348122866895
1092,6,3,,1.0,0.6261904761904762,482.0,0.3290102389078498
1093,7,1,,,0.6322115384615384,494.5,0.33754266211604095
1094,6,1,,,0.6322115384615384,494.5,0.33754266211604095
1095,6,3,,,0.6397058823529411,511.0,0.3488054607508532
1096,7,1,,,0.6823529411764705,664.0,0.45324232081911264
1097,8,1,,,0.645320197044335,531.0,0.36245733788395906
1098,7,1,1.0,,0.7942402425161046,888.0,0.6061433447098976
1099,8,1,,,0.7566006600660067,817.5,0.5580204778156996
1100,7,1,,,0.7566006600660067,817.5,0.5580204778156996
1101,6,3,,1.0,0.6991963260619977,691.0,0.47167235494880544
1102,7,1,1.0,,0.76125,829.0,0.5658703071672355
1103,6,3,1.0,1.0,0.7621440536013402,833.0,0.5686006825938567
1104,6,3,1.0,,0.7659932659932661,843.0,0.5754266211604095
1105,6,1,,1.0,0.7603648424543947,827.0,0.5645051194539249
1106,5,4,,,0.8604269293924466,1012.0,0.6907849829351536
1107,7,1,,,0.8873152709359605,1075.0,0.7337883959044369
1108,6,3,,,0.9595588235294117,1213.5,0.8283276450511945
1109,7,1,,,0.9595588235294117,1213.5,0.8283276450511945
1110,4,3,,,0.9585365853658536,1211.0,0.8266211604095564
1111,8,1,1.0,,0.9230352303523035,1140.0,0.7781569965870307
1112,6,3,,,0.9311002178649238,1161.5,0.7928327645051194
1113,6,3,1.0,,0.9311002178649238,1161.5,0.7928327645051194
1114,6,2,,,0.9300813008130081,1158.0,0.7904436860068259
1115,8,1,1.0,,0.9367436743674368,1181.0,0.8061433447098976
1116,7,1,,1.0,0.9356869184455391,1177.0,0.8034129692832764
1117,7,2,,,1.007662835249042,1285.0,0.8771331058020477
1118,6,1,,,0.9994175888177053,1279.0,0.8730375426621161
1119,6,3,,,1.0526477832512315,1343.0,0.9167235494880546
1120,7,2,,,1.0263414634146342,1305.0,0.8907849829351536
1121,8,1,3.0,,1.1080139372822297,1406.0,0.9597269624573379
1122,6,3,1.0,,1.093167701863354,1392.0,0.9501706484641638
1123,7,1,1.0,,1.092032967032967,1389.5,0.9484641638225256
1124,7,1,,,1.092032967032967,1389.5,0.9484641638225256
1125,7,1,,,1.1136876006441223,1415.0,0.9658703071672355
1126,6,3,1.0,1.0,0.9852941176470588,1263.0,0.8621160409556314
1127,6,3,,,0.9183323814962879,1133.0,0.7733788395904437
1128,8,1,,,0.9315619967793881,1165.0,0.7952218430034129
1129,8,1,1.0,,0.8516746411483253,987.0,0.6737201365187714
1130,5,2,,,0.8773608662805339,1062.0,0.7249146757679181
1131,8,1,,,0.8548644338118022,997.0,0.6805460750853243
1132,6,3,1.0,,0.904201680672269,1093.0,0.7460750853242321
1133,6,3,,,0.929558745348219,1155.0,0.78839590443686
1134,7,1,1.0,,0.9275934702474987,1148.5,0.7839590443686006
1135,8,1,,,0.9275934702474987,1148.5,0.7839590443686006
1136,6,3,,,0.9251322751322751,1143.0,0.7802047781569966
1137,7,1,,,0.8548644338118022,997.0,0.6805460750853243
1138,8,1,,,0.8165199729180772,920.0,0.6279863481228669
1139,6,3,,,0.7882783882783884,877.0,0.5986348122866895
1140,6,3,1.0,,0.8226134055517943,932.0,0.6361774744027304
1141,5,4,,2.0,0.8530805687203792,989.0,0.6750853242320819
1142,6,3,,1.0,0.9054325955734407,1096.0,0.7481228668941979
1143,7,1,1.0,,0.8970099667774086,1086.5,0.7416382252559727
1144,8,1,,1.0,0.9693454846727423,1241.0,0.847098976109215
1145,6,3,1.0,,0.9703107658157603,1243.0,0.8484641638225257
1146,8,1,,,0.8705213738571782,1046.5,0.7143344709897611
1147,8,1,,,0.8705213738571782,1046.5,0.7143344709897611
1148,6,3,1.0,,0.8035581912527798,899.5,0.6139931740614335
1149,8,1,,,0.8035581912527798,899.5,0.6139931740614335
1150,6,3,,,0.7877830437072144,875.0,0.5972696245733788
1151,6,1,,,0.7953216374269007,889.0,0.6068259385665529
1152,7,1,,,0.7840670859538784,868.0,0.5924914675767918
1153,8,1,,,0.7832550860719876,865.0,0.590443686006826
1154,6,3,,,0.845,972.0,0.663481228668942
1155,8,1,1.0,,0.8370283018867924,957.0,0.6532423208191126
1156,7,1,1.0,,0.8584905660377358,1008.0,0.6880546075085324
1157,8,1,1.0,,0.9577464788732395,1209.0,0.8252559726962457
1158,8,1,,,0.9987760097919217,1277.5,0.8720136518771331
1159,6,3,3.0,,0.9479166666666667,1193.5,0.8146757679180887
1160,7,1,1.0,,0.9987760097919217,1277.5,0.8720136518771331
1161,6,3,,2.0,0.9758230452674898,1249.0,0.8525597269624573
1162,8,1,,,0.9997540580423021,1280.0,0.8737201365187713
1163,6,3,,1.0,1.0226415094339625,1303.0,0.889419795221843
1164,6,3,,,1.0348158131176999,1320.5,0.9013651877133105
1165,5,4,,,1.0348158131176999,1320.5,0.9013651877133105
1166,6,3,,,0.9785471537807987,1253.0,0.8552901023890785
1167,9,0,,,0.9605555555555556,1217.5,0.8310580204778157
1168,8,1,,,0.9605555555555556,1217.5,0.8310580204778157
1169,5,4,2.0,,0.9624299065420562,1223.0,0.8348122866894198
1170,8,1,,,0.9544186046511628,1205.0,0.8225255972696246
1171,6,3,2.0,,0.9633802816901409,1227.0,0.837542662116041
1172,6,2,1.0,,0.9135849056603773,1119.0,0.7638225255972696
1173,8,1,,,0.90734126984127,1103.0,0.752901023890785
1174,8,1,1.0,1.0,0.9082934609250399,1105.0,0.7542662116040956
1175,7,1,,,0.8660060318828091,1030.0,0.7030716723549488
1176,7,1,,,0.8651372212692967,1027.5,0.7013651877133106
1177,6,3,1.0,,0.8651372212692967,1027.5,0.7013651877133106
1178,6,3,1.0,,0.8877846790890268,1076.0,0.7344709897610922
1179,6,3,2.0,,0.9352977539666185,1174.0,0.8013651877133106
1180,8,1,,,0.9265156154317208,1146.0,0.7822525597269625
1181,8,1,,1.0,0.9144590495449948,1122.0,0.7658703071672355
1182,8,1,2.0,1.0,0.8763565891472869,1061.0,0.7242320819112628
1183,7,1,,,0.8532075471698114,990.0,0.6757679180887372
1184,6,1,,,0.8613333333333334,1013.0,0.6914675767918089
1185,7,1,,,0.8325508607198748,950.0,0.6484641638225256
1186,6,3,1.0,,0.8645720476706392,1025.0,0.6996587030716723
1187,6,1,,1.0,0.8255451713395637,938.0,0.6402730375426621
1188,6,3,,,0.7768691588785047,856.5,0.5846416382252559
1189,7,1,,,0.7768691588785047,856.5,0.5846416382252559
1190,8,1,1.0,,0.7917200170721297,882.0,0.6020477815699659
1191,8,1,1.0,,0.8229813664596273,933.0,0.6368600682593857
1192,6,3,,2.0,0.8237986270022883,935.0,0.6382252559726962
1193,6,2,1.0,,0.7615384615384615,831.0,0.567235494880546
1194,7,1,1.0,,0.7340510366826156,769.0,0.5249146757679181
1195,8,1,,,0.6503193900679992,551.0,0.37610921501706485
1196,7,1,,,0.6565425421260661,567.0,0.3870307167235495
1197,6,3,,1.0,0.6628859483301828,590.5,0.4030716723549488
1198,6,3,,1.0,0.6655164481251439,602.0,0.4109215017064846
1199,6,3,,,0.6628859483301828,590.5,0.4030716723549488
1200,8,1,1.0,,0.665406427221172,601.0,0.41023890784982936
1201,8,1,2.0,,0.7134615384615385,723.0,0.49351535836177474
1202,7,1,,,0.6842105263157895,667.0,0.4552901023890785
1203,6,3,,1.0,0.7193675889328063,743.5,0.5075085324232081
1204,8,1,,,0.7193675889328063,743.5,0.5075085324232081
1205,7,1,,,0.7186335403726707,738.0,0.5037542662116041
1206,4,4,1.0,,0.7152276942097671,732.0,0.49965870307167237
1207,6,1,,,0.6919856459330143,680.0,0.4641638225255973
1208,5,4,1.0,2.0,0.777615976700645,860.0,0.5870307167235495
1209,7,1,,,0.7520661157024794,804.5,0.5491467576791809
1210,8,1,,1.0,0.7350901525658806,772.0,0.5269624573378839
1211,6,3,,,0.7085561497326203,713.0,0.48668941979522184
1212,6,3,,1.0,0.7028455284552845,701.0,0.4784982935153584
1213,8,1,1.0,,0.7263180004200798,755.0,0.515358361774744
1214,7,1,1.0,1.0,0.782188615837009,863.0,0.5890784982935153
1215,6,2,,,0.7710144927536232,849.0,0.5795221843003413
1216,8,1,2.0,,0.7520661157024794,804.5,0.5491467576791809
1217,7,1,,,0.7067632850241546,709.5,0.48430034129692834
1218,6,3,,,0.712864077669903,721.0,0.49215017064846417
1219,6,3,,,0.7060096153846154,706.0,0.48191126279863483
1220,8,1,,,0.7067632850241546,709.5,0.48430034129692834
1221,9,0,1.0,,0.6731078904991948,630.0,0.4300341296928328
1222,6,3,1.0,1.0,0.6327014218009478,496.0,0.3385665529010239
1223,6,3,1.0,,0.6374407582938388,504.5,0.34436860068259384
1224,6,1,,,0.6661143330571665,604.0,0.41228668941979524
1225,4,3,,,0.6749372734875941,641.5,0.4378839590443686
1226,6,3,,1.0,0.7274639423076923,757.0,0.5167235494880547
1227,8,1,1.0,1.0,0.7171208530805687,735.0,0.5017064846416383
1228,8,1,,,0.7968009478672986,890.0,0.6075085324232082
1229,6,3,1.0,,0.7649289099526067,839.0,0.5726962457337884
1230,9,0,,,0.7912087912087913,881.0,0.6013651877133106
1231,7,2,,,0.7685714285714286,847.0,0.5781569965870307
1232,6,3,,,0.6897435897435897,676.0,0.4614334470989761
1233,6,3,,,0.6923076923076923,681.0,0.46484641638225255
1234,8,1,,1.0,0.68577648766328,669.0,0.4566552901023891
1235,7,1,,,0.6800288912964969,660.5,0.45085324232081914
1236,7,1,,1.0,0.6800288912964969,660.5,0.45085324232081914
1237,8,1,,,0.6839227123587313,666.0,0.4546075085324232
1238,6,3,,,0.6830926083262532,665.0,0.4539249146757679
1239,7,1,,,0.6261682242990655,481.0,0.32832764505119455
1240,5,4,,,0.6255813953488372,477.0,0.32559726962457336
1241,5,4,,,0.6192660550458715,463.0,0.31604095563139933
1242,9,0,,,0.6880733944954128,672.0,0.45870307167235497
1243,6,3,1.0,,0.7142857142857142,726.5,0.49590443686006824
1244,8,1,,,0.7142857142857142,726.5,0.49590443686006824
1245,6,3,,,0.625,475.5,0.3245733788395904
1246,6,1,1.0,1.0,0.6338028169014085,497.0,0.3392491467576792
1247,8,1,,,0.6367924528301887,501.5,0.34232081911262796
1248,7,2,,,0.7075471698113208,711.0,0.4853242320819113
1249,8,1,,,0.7016171100678144,696.0,0.4750853242320819
1250,7,1,,,0.8849056603773585,1073.0,0.7324232081911263
1251,8,1,,,0.9561611374407584,1206.0,0.8232081911262799
1252,7,1,1.0,,1.044155844155844,1335.0,0.9112627986348123
1253,9,0,,,1.0645933014354068,1363.0,0.9303754266211605
1254,6,3,,,1.0555555555555556,1348.5,0.9204778156996587
1255,7,1,,,1.070725483047758,1371.0,0.9358361774744027
1256,7,1,,,1.0527266161068978,1344.0,0.9174061433447099
1257,6,3,,,1.0478073328540618,1340.0,0.9146757679180887
1258,6,3,,,1.0673854447439353,1365.0,0.931740614334471
1259,8,1,,,1.0438533429187635,1334.0,0.910580204778157
1260,6,3,,,1.0574098798397864,1352.0,0.9228668941979522
1261,6,3,,,1.002336448598131,1281.0,0.8744027303754266
1262,6,3,1.0,1.0,1.077258566978193,1382.0,0.9433447098976109
1263,6,3,1.0,,1.010856807511737,1290.0,0.8805460750853242
1264,7,1,,,1.0127369668246446,1294.0,0.8832764505119454
1265,7,1,2.0,,1.0136904761904761,1296.5,0.8849829351535836
1266,6,3,2.0,,1.0274509803921568,1309.5,0.8938566552901024
1267,6,1,,,1.0274509803921568,1309.5,0.8938566552901024
1268,7,1,1.0,,1.0136904761904761,1296.5,0.8849829351535836
1269,7,1,,,1.033373786407767,1318.0,0.8996587030716724
1270,8,1,1.0,,1.0547504025764896,1347.0,0.9194539249146758
1271,7,0,,,1.0587761674718197,1355.0,0.9249146757679181
1272,6,3,,,1.0576923076923077,1353.0,0.9235494880546075
1273,7,1,1.0,,1.0688259109311742,1366.0,0.9324232081911262
1274,8,1,,,1.0596826995718962,1357.0,0.9262798634812287
1275,8,1,1.0,,1.0696172248803828,1367.5,0.9334470989761092
1276,6,3,1.0,1.0,1.0696172248803828,1367.5,0.9334470989761092
1277,6,3,1.0,,1.0614832535885168,1359.0,0.9276450511945392
1278,7,1,,1.0,1.1067597904714392,1404.0,0.9583617747440273
1279,5,2,,,1.0963676797627873,1395.0,0.9522184300341296
1280,7,1,,,1.1070422535211268,1405.0,0.9590443686006825
1281,7,1,1.0,,1.1027253668763102,1403.0,0.957679180887372
1282,8,1,,,1.0753504672897196,1377.0,0.9399317406143345
1283,7,1,,,1.0744186046511628,1376.0,0.9392491467576792
1284,5,4,,,1.073208722741433,1373.0,0.9372013651877134
1285,7,2,2.0,,1.0876168224299065,1387.0,0.9467576791808874
1286,7,2,,,1.078247261345853,1383.0,0.9440273037542662
1287,8,1,,,1.0966824644549762,1396.0,0.952901023890785
1288,6,3,1.0,,1.0323115161557581,1315.0,0.8976109215017065
1289,7,1,,,1.0410654827968924,1329.0,0.9071672354948805
1290,8,1,1.0,,1.0534591194968554,1345.0,0.9180887372013652
1291,6,3,,,1.0584518167456556,1354.0,0.9242320819112628
1292,6,1,,,1.1207136883189295,1423.0,0.9713310580204778
1293,8,1,1.0,,1.1113744075829384,1413.0,0.9645051194539249
1294,8,1,1.0,,1.2066387559808613,1446.0,0.9870307167235495
1295,7,2,1.0,,1.1984080188679247,1442.0,0.9843003412969283
1296,6,3,,,1.2075471698113207,1447.0,0.9877133105802047
1297,8,1,,,1.2015845070422535,1444.0,0.985665529010239
1298,7,1,,,1.212973933649289,1449.5,0.989419795221843
1299,6,3,,,1.212973933649289,1449.5,0.989419795221843
1300,7,2,1.0,,1.20065970313359,1443.0,0.9849829351535836
1301,7,1,,,1.1906542056074767,1441.0,0.9836177474402731
1302,5,4,,,1.1862928348909658,1440.0,0.9829351535836177
1303,8,1,1.0,1.0,1.2132701421800947,1451.0,0.990443686006826
1304,6,3,1.0,,1.2085308056872037,1448.0,0.9883959044368601
1305,8,1,1.0,,1.2245813397129188,1453.5,0.9921501706484641
1306,7,2,1.0,,1.2259615384615385,1455.0,0.9931740614334471
1307,6,3,1.0,,1.227355072463768,1456.0,0.9938566552901024
1308,6,3,,,1.2245813397129188,1453.5,0.9921501706484641
1309,5,4,1.0,,1.2191387559808613,1452.0,0.9911262798634812
1310,8,1,,,1.134621578099839,1434.0,0.978839590443686
1311,7,2,1.0,,1.1276005547850207,1429.0,0.9754266211604096
1312,8,1,,,1.1167582417582416,1418.0,0.9679180887372013
1313,6,3,,,1.1331010452961672,1433.0,0.9781569965870307
1314,7,1,,,1.131761442441054,1432.0,0.9774744027303754
1315,8,1,1.0,,1.120879120879121,1424.0,0.9720136518771331
1316,7,2,,,1.1118543292456335,1414.0,0.9651877133105802
1317,7,1,,,1.1213592233009708,1425.0,0.9726962457337884
1318,5,4,2.0,,1.1185741088180112,1420.0,0.9692832764505119
1319,6,3,,,1.2017738359201775,1445.0,0.9863481228668942
1320,5,4,,,1.179611650485437,1438.0,0.9815699658703072
1321,7,1,1.0,,1.0588235294117647,1356.0,0.9255972696245733
1322,5,3,,,0.9321782178217821,1167.5,0.7969283276450512
1323,8,1,,,0.9321782178217821,1167.5,0.7969283276450512
1324,8,1,,,0.8801313628899835,1067.0,0.7283276450511945
1325,6,1,,1.0,0.8682926829268293,1041.0,0.710580204778157
1326,6,3,,,0.9303135888501742,1159.0,0.7911262798634813
1327,8,1,,,0.9061085972850679,1098.5,0.7498293515358362
1328,5,4,,,0.9150799695354151,1125.0,0.7679180887372014
1329,8,1,,,0.9061085972850679,1098.5,0.7498293515358362
1330,8,1,,,0.9139825691549829,1120.0,0.764505119453925
1331,6,3,,,0.8134044173648135,912.0,0.6225255972696245
1332,6,3,,,0.8174512055109071,924.0,0.630716723549488
1333,4,3,,,0.8287591805179746,942.0,0.6430034129692833
1334,8,1,,,0.664179104477612,596.5,0.40716723549488054
1335,7,1,,,0.6576354679802956,569.0,0.38839590443686006
1336,6,3,,1.0,0.6480582524271845,544.0,0.37133105802047783
1337,5,3,,1.0,0.6480582524271845,544.0,0.37133105802047783
1338,6,3,1.0,,0.6442307692307692,526.5,0.35938566552901025
1339,7,1,1.0,1.0,0.6442307692307692,526.5,0.35938566552901025
1340,7,1,1.0,,0.644927536231884,529.5,0.3614334470989761
1341,8,1,2.0,,0.7088274044795783,714.0,0.48737201365187716
1342,6,3,,,0.7580515297906603,819.0,0.5590443686006826
1343,6,3,,,0.7626016260162601,834.0,0.5692832764505119
1344,8,1,,,0.7588996763754046,822.0,0.5610921501706485
1345,6,3,,,0.7588996763754046,822.0,0.5610921501706485
1346,7,1,,1.0,0.7588996763754046,822.0,0.5610921501706485
1347,6,3,,,0.700522778192681,694.0,0.4737201365187713
1348,5,4,,,0.6504854368932039,552.5,0.3771331058020478
1349,7,1,,1.0,0.6428571428571428,520.5,0.3552901023890785
1350,8,1,,,0.6428571428571428,520.5,0.3552901023890785
1351,8,1,,,0.6915470494417862,679.0,0.463481228668942
1352,7,1,1.0,,0.7339201083276913,768.0,0.5242320819112628
1353,7,2,,,0.7895500725689405,878.0,0.5993174061433447
1354,8,1,,,0.7414330218068537,780.0,0.5324232081911263
1355,7,1,,,0.8156209987195903,917.0,0.625938566552901
1356,6,3,,,0.7682242990654204,846.0,0.5774744027303754
1357,6,3,1.0,,0.6431924882629108,522.0,0.3563139931740614
1358,6,2,,,0.6372093023255814,503.0,0.3433447098976109
1359,6,3,,,0.631336405529954,491.0,0.33515358361774744
1360,8,1,,,0.6319444444444444,492.5,0.3361774744027304
1361,8,1,,,0.6319444444444444,492.5,0.3361774744027304
1362,6,3,,1.0,0.7936046511627908,886.5,0.6051194539249147
1363,6,3,,1.0,0.7936046511627908,886.5,0.6051194539249147
1364,8,1,,,0.7862903225806452,871.0,0.5945392491467577
1365,8,1,,,0.906084656084656,1097.0,0.7488054607508532
1366,6,3,1.0,,0.9112149532710281,1113.0,0.7597269624573378
1367,8,1,,,0.9932185706833594,1273.0,0.8689419795221843
1368,6,3,,,0.9658018867924528,1233.0,0.8416382252559726
1369,8,1,,,0.9714285714285714,1244.5,0.8494880546075085
1370,6,3,1.0,,0.9714285714285714,1244.5,0.8494880546075085
1371,8,1,,,0.979665071770335,1254.0,0.8559726962457338
1372,7,2,,,0.972488038277512,1246.0,0.8505119453924914
1373,8,1,,,0.9183673469387755,1134.5,0.7744027303754266
1374,8,1,,,0.9130727762803236,1117.0,0.7624573378839591
1375,7,1,,,0.9597156398104266,1215.0,0.8293515358361775
1376,6,3,,,0.965311004784689,1232.0,0.8409556313993174
1377,6,2,1.0,,0.9746376811594203,1247.0,0.8511945392491468
1378,6,3,,,1.1138716356107659,1416.0,0.9665529010238908
1379,7,2,,,1.2884615384615383,1457.5,0.9948805460750854
1380,6,3,,,1.3009708737864079,1462.0,0.9979522184300341
1381,6,2,,,1.3137254901960784,1465.0,1.0
1382,7,1,2.0,,1.3009708737864079,1462.0,0.9979522184300341
1383,6,3,,,1.3009708737864079,1462.0,0.9979522184300341
1384,5,3,,,1.2884615384615383,1457.5,0.9948805460750854
1385,8,1,,,1.29126213592233,1459.5,0.9962457337883959
1386,6,3,,,1.29126213592233,1459.5,0.9962457337883959
1387,6,1,,,1.3103448275862069,1464.0,0.9993174061433447
1388,7,1,,,1.1300639658848612,1430.5,0.9764505119453925
1389,8,1,,,0.9987437185929647,1276.0,0.8709897610921502
1390,5,3,1.0,,1.0050761421319796,1283.0,0.8757679180887372
1391,6,2,,,0.8967851099830796,1084.0,0.7399317406143344
1392,6,3,,,0.944102564102564,1188.0,0.8109215017064847
1393,6,3,,,0.8615384615384615,1014.0,0.6921501706484642
1394,7,1,,,0.7897435897435898,879.0,0.6
1395,6,3,1.0,,0.7337584695097649,767.0,0.5235494880546075
1396,6,3,,,0.7281785571941012,758.0,0.5174061433447099
1397,8,1,,,0.7244250594766057,753.0,0.5139931740614334
1398,8,1,,,0.6170513424399435,459.0,0.31331058020477814
1399,8,1,,,0.6138706654170571,456.0,0.31126279863481227
1400,6,1,,,0.66751269035533,612.0,0.41774744027303756
1401,6,3,,,0.718859820382663,739.0,0.5044368600682594
1402,5,4,1.0,,0.7667638483965014,844.0,0.5761092150170648
1403,5,3,,1.0,0.7725947521865889,852.0,0.5815699658703072
1404,6,3,,1.0,0.7715736040609137,850.0,0.5802047781569966
1405,6,2,,,0.8439086294416244,970.0,0.6621160409556314
1406,7,2,,1.0,0.8009999999999999,896.0,0.6116040955631399
1407,4,3,1.0,,0.8039999999999999,902.0,0.6156996587030716
1408,6,3,1.0,1.0,0.748125,795.0,0.5426621160409556
1409,6,3,,1.0,0.7444029850746269,787.0,0.5372013651877133
1410,5,3,,1.0,0.7076559266922849,712.0,0.48600682593856653
1411,6,1,,,0.6625,586.5,0.40034129692832765
1412,7,1,,,0.6559405940594059,566.0,0.3863481228668942
1413,6,3,,,0.6625,586.5,0.40034129692832765
1414,7,2,,,0.6592039800995024,574.0,0.3918088737201365
1415,8,1,1.0,,0.6266627253916641,483.0,0.3296928327645051
1416,8,1,1.0,,0.5918481295365716,425.5,0.29044368600682596
1417,5,4,1.0,,0.5918481295365716,425.5,0.29044368600682596
1418,6,3,,,0.5455882352941176,341.0,0.23276450511945393
1419,8,1,,,0.5732758620689655,405.0,0.2764505119453925
1420,8,1,2.0,,0.6062091503267973,441.0,0.30102389078498293
1421,8,1,,,0.645631067961165,532.0,0.3631399317406143
1422,6,3,,,0.6853462157809983,668.0,0.4559726962457338
1423,6,1,,1.0,0.6742138364779875,640.0,0.43686006825938567
1424,7,2,,,0.6756168359941945,647.0,0.4416382252559727
1425,5,3,,1.0,0.7721335268505081,851.0,0.5808873720136519
1426,7,1,,,0.8678223185265439,1040.0,0.7098976109215017
1427,8,1,,,0.8743228602383532,1055.0,0.7201365187713311
1428,6,3,,,0.8148893360160967,916.0,0.6252559726962458
1429,9,0,,,0.8450704225352113,973.0,0.6641638225255972
1430,6,3,,1.0,0.8732227488151659,1053.0,0.7187713310580205
1431,6,1,,1.0,0.8467614533965244,974.5,0.6651877133105802
1432,6,3,,,0.8548644338118022,997.0,0.6805460750853243
1433,6,3,,,0.8699644549763033,1044.0,0.7126279863481229
1434,8,1,,,0.8617957746478874,1016.0,0.6935153583617747
1435,7,1,,,0.8111019055509529,909.0,0.6204778156996587
1436,8,1,1.0,,0.7415667688876498,781.5,0.5334470989761092
1437,8,1,,,0.7636363636363637,837.0,0.5713310580204778
1438,9,0,1.0,,0.787878787878788,876.0,0.5979522184300341
1439,6,1,,,0.8272727272727273,941.0,0.642320819112628
1440,6,3,1.0,,0.8241626794258373,936.0,0.6389078498293516
1441,6,3,1.0,,0.8593165377899725,1011.0,0.6901023890784983
1442,6,3,,,0.8544600938967136,994.5,0.678839590443686
1443,7,2,,1.0,0.8625592417061612,1017.0,0.6941979522184301
1444,6,3,1.0,,0.8544600938967136,994.5,0.678839590443686
1445,5,2,1.0,,0.8404423380726698,967.0,0.6600682593856655
1446,8,1,,,0.8749999999999999,1056.0,0.7208191126279864
1447,6,3,1.0,,0.9280039721946374,1152.0,0.7863481228668942
1448,7,1,2.0,,0.9357476635514019,1178.5,0.8044368600682594
1449,8,1,,,0.9357476635514019,1178.5,0.8044368600682594
1450,8,1,,1.0,0.9330985915492958,1169.0,0.7979522184300342
1451,6,2,1.0,1.0,0.9356796116504854,1176.0,0.8027303754266212
1452,6,3,2.0,1.0,0.9229133439659756,1139.0,0.7774744027303754
1453,6,3,1.0,,0.9268698060941828,1147.0,0.7829351535836178
1454,6,1,,,0.9177409453652547,1131.0,0.7720136518771331
1455,7,1,,,0.9203174603174602,1136.0,0.7754266211604095
1456,7,1,,,0.8938391924817264,1080.0,0.7372013651877133
1457,9,0,,,0.8646472392638036,1026.0,0.7003412969283277
1458,6,3,,,0.8582802547770702,1007.0,0.6873720136518772
1459,8,1,,,0.9142222222222222,1121.0,0.7651877133105802
1460,7,2,1.0,1.0,0.882936507936508,1069.0,0.7296928327645051
1461,7,1,,,0.8516878804648589,988.0,0.6744027303754266
1462,6,3,,,0.8561362301820317,1000.0,0.6825938566552902
1463,8,1,1.0,,0.816,918.0,0.6266211604095563
1464,6,3,,,0.7372881355932204,775.0,0.5290102389078498
1465,7,0,,,0.7418181818181818,784.0,0.5351535836177475
